id;Region;City;Address;MinPricePerSqMeter;AvgPricePerSqMeter;MaxPricePerSqMeter;OffersCount;TotalFloors;WktPoint;Lat;Lon;OnDate;Source
188961;Чеченская республика;Грозный;Чеченская Республика, Грозный, Алтайская улица, 11;34000,0000;40000,0000;46000,0000;5;5;POINT(45.673296 43.344878);43.344878;45.673296;01.01.2017 0:00:00;myData.biz
161189;Чеченская республика;Грозный;Чеченская Республика, Грозный, Алтайская улица, 13;27000,0000;27000,0000;27000,0000;1;5;POINT(45.673358 43.345567);43.345567;45.673358;01.10.2016 0:00:00;myData.biz
150962;Чеченская Республика;Грозный;Чеченская Республика, Грозный, Алтайская улица, 15;29000,0000;36000,0000;46000,0000;6;10;POINT(45.673897 43.346131);43.346131;45.673897;01.01.2017 0:00:00;myData.biz
152198;Чеченская Республика;Грозный;Чеченская Республика, Грозный, Артельная улица, 1;35000,0000;38000,0000;41000,0000;2;5;POINT(45.700434 43.33046);43.33046;45.700434;01.10.2016 0:00:00;myData.biz
159357;Чеченская Республика;Грозный;Чеченская Республика, Грозный, Библиотечная улица, 120;38000,0000;41000,0000;47000,0000;3;5;POINT(45.614168 43.367938);43.367938;45.614168;01.01.2017 0:00:00;myData.biz
189731;Чеченская республика;Грозный;Чеченская Республика, Грозный, Выборгская улица, 16;34000,0000;42000,0000;50000,0000;2;4;POINT(45.652805 43.266311);43.266311;45.652805;01.12.2016 0:00:00;myData.biz
151044;Чеченская Республика;Грозный;Чеченская Республика, Грозный, Выборгская улица, 22;28000,0000;28000,0000;28000,0000;1;5;POINT(45.651242 43.265812);43.265812;45.651242;01.09.2016 0:00:00;myData.biz
150924;Чеченская Республика;Грозный;Чеченская Республика, Грозный, Выборгская улица, 24;25000,0000;25000,0000;25000,0000;1;4;POINT(45.651116 43.265306);43.265306;45.651116;01.10.2016 0:00:00;myData.biz
168853;Чеченская республика;Грозный;Чеченская Республика, Грозный, Выборгская улица, 29;40000,0000;40000,0000;40000,0000;1;3;POINT(45.64949 43.263475);43.263475;45.64949;01.11.2016 0:00:00;myData.biz
151032;Чеченская Республика;Грозный;Чеченская Республика, Грозный, Выборгская улица, 3;36000,0000;38000,0000;41000,0000;4;5;POINT(45.658186 43.26807);43.26807;45.658186;01.12.2016 0:00:00;myData.biz
150953;Чеченская Республика;Грозный;Чеченская Республика, Грозный, Выборгская улица, 31;24000,0000;29000,0000;33000,0000;2;3;POINT(45.648996 43.263186);43.263186;45.648996;01.11.2016 0:00:00;myData.biz
151017;Чеченская Республика;Грозный;Чеченская Республика, Грозный, Выборгская улица, 5;17000,0000;32000,0000;55000,0000;5;5;POINT(45.656416 43.267716);43.267716;45.656416;01.12.2016 0:00:00;myData.biz
150981;Чеченская Республика;Грозный;Чеченская Республика, Грозный, Выборгская улица, 5А;23000,0000;39000,0000;59000,0000;11;5;POINT(45.65709 43.268136);43.268136;45.65709;01.01.2017 0:00:00;myData.biz
150961;Чеченская Республика;Грозный;Чеченская Республика, Грозный, Выборгская улица, 8;41000,0000;41000,0000;41000,0000;1;5;POINT(45.655473 43.268037);43.268037;45.655473;01.10.2016 0:00:00;myData.biz
246007;Чеченская республика;Грозный;Чеченская Республика, Грозный, Гвардейская улица, 3;6000,0000;6000,0000;6000,0000;1;5;POINT(45.68686 43.30915);43.30915;45.68686;01.03.2017 0:00:00;myData.biz
233097;Чеченская республика;Грозный;Чеченская Республика, Грозный, городок Иванова, 105;23000,0000;23000,0000;23000,0000;1;2;POINT(45.610422 43.366392);43.366392;45.610422;01.02.2017 0:00:00;myData.biz
151065;Чеченская Республика;Грозный;Чеченская Республика, Грозный, городок Иванова, 108;26000,0000;27000,0000;28000,0000;3;2;POINT(45.61203 43.365723);43.365723;45.61203;01.10.2016 0:00:00;myData.biz
151063;Чеченская Республика;Грозный;Чеченская Республика, Грозный, городок Маяковского, 112;23000,0000;23000,0000;23000,0000;1;5;POINT(45.552113 43.384353);43.384353;45.552113;01.09.2016 0:00:00;myData.biz
150928;Чеченская Республика;Грозный;Чеченская Республика, Грозный, городок Маяковского, 113;22000,0000;23000,0000;24000,0000;2;5;POINT(45.552023 43.384019);43.384019;45.552023;01.10.2016 0:00:00;myData.biz
221807;Чеченская республика;Грозный;Чеченская Республика, Грозный, городок Маяковского, 114;27000,0000;27000,0000;27000,0000;1;5;POINT(45.551888 43.383665);43.383665;45.551888;01.01.2017 0:00:00;myData.biz
150959;Чеченская Республика;Грозный;Чеченская Республика, Грозный, городок Маяковского, 115;17000,0000;21000,0000;27000,0000;5;5;POINT(45.553379 43.384307);43.384307;45.553379;01.10.2016 0:00:00;myData.biz
151058;Чеченская Республика;Грозный;Чеченская Республика, Грозный, городок Маяковского, 116;31000,0000;31000,0000;31000,0000;1;5;POINT(45.553505 43.383803);43.383803;45.553505;01.09.2016 0:00:00;myData.biz
184615;Чеченская республика;Грозный;Чеченская Республика, Грозный, городок Маяковского, 118;22000,0000;22000,0000;22000,0000;1;8;POINT(45.554044 43.383718);43.383718;45.554044;01.11.2016 0:00:00;myData.biz
180243;Чеченская республика;Грозный;Чеченская Республика, Грозный, городок Маяковского, 120;18000,0000;18000,0000;18000,0000;1;5;POINT(45.554448 43.384183);43.384183;45.554448;01.11.2016 0:00:00;myData.biz
151071;Чеченская Республика;Грозный;Чеченская Республика, Грозный, городок Маяковского, 122;32000,0000;32000,0000;32000,0000;1;5;POINT(45.556649 43.383947);43.383947;45.556649;01.09.2016 0:00:00;myData.biz
151000;Чеченская Республика;Грозный;Чеченская Республика, Грозный, городок Маяковского, 123;26000,0000;27000,0000;30000,0000;4;5;POINT(45.55435 43.383167);43.383167;45.55435;01.12.2016 0:00:00;myData.biz
150927;Чеченская Республика;Грозный;Чеченская Республика, Грозный, городок Маяковского, 128;18000,0000;26000,0000;32000,0000;3;5;POINT(45.55673 43.383161);43.383161;45.55673;01.10.2016 0:00:00;myData.biz
150951;Чеченская Республика;Грозный;Чеченская Республика, Грозный, городок Маяковского, 132;17000,0000;23000,0000;27000,0000;4;5;POINT(45.558877 43.380697);43.380697;45.558877;01.11.2016 0:00:00;myData.biz
177862;Чеченская республика;Грозный;Чеченская Республика, Грозный, городок Маяковского, 133;23000,0000;24000,0000;25000,0000;4;5;POINT(45.55779 43.381654);43.381654;45.55779;01.12.2016 0:00:00;myData.biz
180721;Чеченская республика;Грозный;Чеченская Республика, Грозный, городок Маяковского, 133А;24000,0000;25000,0000;26000,0000;3;5;POINT(45.558401 43.381464);43.381464;45.558401;01.01.2017 0:00:00;myData.biz
213196;Чеченская республика;Грозный;Чеченская Республика, Грозный, городок Маяковского, 134;29000,0000;29000,0000;29000,0000;1;5;POINT(45.55814 43.382682);43.382682;45.55814;01.12.2016 0:00:00;myData.biz
150950;Чеченская Республика;Грозный;Чеченская Республика, Грозный, городок Маяковского, 135;22000,0000;26000,0000;32000,0000;6;5;POINT(45.56044 43.381208);43.381208;45.56044;01.12.2016 0:00:00;myData.biz
150944;Чеченская Республика;Грозный;Чеченская Республика, Грозный, городок Маяковского, 135А;21000,0000;25000,0000;28000,0000;5;5;POINT(45.560808 43.382289);43.382289;45.560808;01.12.2016 0:00:00;myData.biz
212788;Чеченская республика;Грозный;Чеченская Республика, Грозный, городок Маяковского, 136;46000,0000;46000,0000;46000,0000;1;5;POINT(45.562066 43.38016);43.38016;45.562066;01.12.2016 0:00:00;myData.biz
210169;Чеченская республика;Грозный;Чеченская Республика, Грозный, городок Маяковского, 137;20000,0000;24000,0000;27000,0000;2;5;POINT(45.561455 43.381103);43.381103;45.561455;01.01.2017 0:00:00;myData.biz
244361;Чеченская республика;Грозный;Чеченская Республика, Грозный, городок Маяковского, 139;23000,0000;23000,0000;23000,0000;1;5;POINT(45.563476 43.381339);43.381339;45.563476;01.03.2017 0:00:00;myData.biz
168124;Чеченская республика;Грозный;Чеченская Республика, Грозный, городок Маяковского, 140;24000,0000;29000,0000;34000,0000;2;5;POINT(45.563809 43.381811);43.381811;45.563809;01.11.2016 0:00:00;myData.biz
150998;Чеченская Республика;Грозный;Чеченская Республика, Грозный, городок Маяковского, 141;25000,0000;25000,0000;25000,0000;1;5;POINT(45.564536 43.381326);43.381326;45.564536;01.10.2016 0:00:00;myData.biz
188553;Чеченская республика;Грозный;Чеченская Республика, Грозный, городок Маяковского, 142;16000,0000;16000,0000;16000,0000;1;9;POINT(45.564096 43.38054);43.38054;45.564096;01.11.2016 0:00:00;myData.biz
150940;Чеченская Республика;Грозный;Чеченская Республика, Грозный, городок Маяковского, 143А;19000,0000;24000,0000;31000,0000;6;9;POINT(45.563602 43.380081);43.380081;45.563602;01.12.2016 0:00:00;myData.biz
150986;Чеченская Республика;Грозный;Чеченская Республика, Грозный, городок Маяковского, 144;21000,0000;26000,0000;32000,0000;4;5;POINT(45.566333 43.381824);43.381824;45.566333;01.10.2016 0:00:00;myData.biz
156378;Чеченская Республика;Грозный;Чеченская Республика, Грозный, городок Маяковского, 147;22000,0000;22000,0000;22000,0000;1;5;POINT(45.565165 43.381136);43.381136;45.565165;01.10.2016 0:00:00;myData.biz
214349;Чеченская республика;Грозный;Чеченская Республика, Грозный, городок Маяковского, 148;21000,0000;21000,0000;21000,0000;1;5;POINT(45.5668 43.380199);43.380199;45.5668;01.01.2017 0:00:00;myData.biz
151015;Чеченская Республика;Грозный;Чеченская Республика, Грозный, городок Маяковского, 149;25000,0000;29000,0000;32000,0000;2;5;POINT(45.566549 43.380907);43.380907;45.566549;01.10.2016 0:00:00;myData.biz
151064;Чеченская Республика;Грозный;Чеченская Республика, Грозный, городок Маяковского, 150;21000,0000;29000,0000;52000,0000;7;5;POINT(45.566144 43.379813);43.379813;45.566144;01.11.2016 0:00:00;myData.biz
240764;Чеченская республика;Грозный;Чеченская Республика, Грозный, городок Маяковского, 151;24000,0000;24000,0000;24000,0000;1;5;POINT(45.566073 43.380592);43.380592;45.566073;01.02.2017 0:00:00;myData.biz
150984;Чеченская Республика;Грозный;Чеченская Республика, Грозный, городок Маяковского, 152;20000,0000;21000,0000;21000,0000;2;9;POINT(45.568148 43.380153);43.380153;45.568148;01.10.2016 0:00:00;myData.biz
206782;Чеченская республика;Грозный;Чеченская Республика, Грозный, городок Маяковского, 153;29000,0000;29000,0000;29000,0000;1;9;POINT(45.56769 43.379695);43.379695;45.56769;01.12.2016 0:00:00;myData.biz
150960;Чеченская Республика;Грозный;Чеченская Республика, Грозный, городок Маяковского, 64;29000,0000;29000,0000;30000,0000;2;4;POINT(45.549651 43.38113);43.38113;45.549651;01.10.2016 0:00:00;myData.biz
151066;Чеченская Республика;Грозный;Чеченская Республика, Грозный, городок Маяковского, 67;22000,0000;22000,0000;22000,0000;2;4;POINT(45.551313 43.381097);43.381097;45.551313;01.11.2016 0:00:00;myData.biz
150936;Чеченская Республика;Грозный;Чеченская Республика, Грозный, городок Маяковского, 71;16000,0000;25000,0000;34000,0000;6;5;POINT(45.553128 43.380356);43.380356;45.553128;01.11.2016 0:00:00;myData.biz
150990;Чеченская Республика;Грозный;Чеченская Республика, Грозный, городок Маяковского, 72;31000,0000;31000,0000;32000,0000;2;5;POINT(45.551951 43.380166);43.380166;45.551951;01.11.2016 0:00:00;myData.biz
238826;Чеченская республика;Грозный;Чеченская Республика, Грозный, городок Маяковского, 74;27000,0000;27000,0000;27000,0000;2;5;POINT(45.557754 43.3794);43.3794;45.557754;01.02.2017 0:00:00;myData.biz
223197;Чеченская республика;Грозный;Чеченская Республика, Грозный, городок Маяковского, 76;20000,0000;20000,0000;20000,0000;1;5;POINT(45.56062 43.378469);43.378469;45.56062;01.01.2017 0:00:00;myData.biz
151068;Чеченская Республика;Грозный;Чеченская Республика, Грозный, городок Маяковского, 77;24000,0000;31000,0000;35000,0000;3;5;POINT(45.560557 43.378882);43.378882;45.560557;01.11.2016 0:00:00;myData.biz
211043;Чеченская республика;Грозный;Чеченская Республика, Грозный, городок Маяковского, улица Маяковского, 42;26000,0000;26000,0000;26000,0000;1;3;POINT(45.546552 43.381464);43.381464;45.546552;01.12.2016 0:00:00;myData.biz
218914;Чеченская республика;Грозный;Чеченская Республика, Грозный, городок Маяковского, улица Маяковского, 46;35000,0000;35000,0000;35000,0000;1;2;POINT(45.549041 43.381693);43.381693;45.549041;01.01.2017 0:00:00;myData.biz
226418;Чеченская республика;Грозный;Чеченская Республика, Грозный, городок Маяковского, улица Маяковского, 70;20000,0000;20000,0000;20000,0000;1;5;POINT(45.553002 43.37997);43.37997;45.553002;01.01.2017 0:00:00;myData.biz
150930;Чеченская Республика;Грозный;Чеченская Республика, Грозный, городок Маяковского, улица Маяковского, 75;20000,0000;21000,0000;21000,0000;2;5;POINT(45.558096 43.379806);43.379806;45.558096;01.10.2016 0:00:00;myData.biz
150909;Чеченская Республика;Грозный;Чеченская Республика, Грозный, городок Маяковского, улица Маяковского, 78;24000,0000;29000,0000;37000,0000;3;5;POINT(45.56053 43.37938);43.37938;45.56053;01.10.2016 0:00:00;myData.biz
172076;Чеченская республика;Грозный;Чеченская Республика, Грозный, Дербентская улица, 40А;57000,0000;57000,0000;57000,0000;1;3;POINT(45.686357 43.290503);43.290503;45.686357;01.11.2016 0:00:00;myData.biz
235719;Чеченская республика;Грозный;Чеченская Республика, Грозный, Дербентская улица, 50;28000,0000;28000,0000;28000,0000;1;5;POINT(45.683788 43.290543);43.290543;45.683788;01.02.2017 0:00:00;myData.biz
151018;Чеченская Республика;Грозный;Чеченская Республика, Грозный, Интернациональная улица, 13;53000,0000;53000,0000;53000,0000;1;9;POINT(45.701368 43.312981);43.312981;45.701368;01.10.2016 0:00:00;myData.biz
239529;Чеченская республика;Грозный;Чеченская Республика, Грозный, Интернациональная улица, 44;56000,0000;56000,0000;56000,0000;1;5;POINT(45.705545 43.306637);43.306637;45.705545;01.02.2017 0:00:00;myData.biz
150999;Чеченская Республика;Грозный;Чеченская Республика, Грозный, Интернациональная улица, 46;36000,0000;49000,0000;69000,0000;7;5;POINT(45.70638 43.305942);43.305942;45.70638;01.12.2016 0:00:00;myData.biz
160631;Чеченская Республика;Грозный;Чеченская Республика, Грозный, Кабардинская улица, 36;34000,0000;35000,0000;36000,0000;2;4;POINT(45.697613 43.324518);43.324518;45.697613;01.11.2016 0:00:00;myData.biz
171599;Чеченская республика;Грозный;Чеченская Республика, Грозный, Киевская улица, 1;35000,0000;35000,0000;35000,0000;1;9;POINT(45.708662 43.32924);43.32924;45.708662;01.11.2016 0:00:00;myData.biz
244686;Чеченская республика;Грозный;Чеченская Республика, Грозный, Киевская улица, 11А;51000,0000;51000,0000;51000,0000;1;5;POINT(45.710387 43.327555);43.327555;45.710387;01.03.2017 0:00:00;myData.biz
216653;Чеченская республика;Грозный;Чеченская Республика, Грозный, Киевская улица, 3;30000,0000;42000,0000;54000,0000;4;9;POINT(45.709084 43.328604);43.328604;45.709084;01.02.2017 0:00:00;myData.biz
151011;Чеченская Республика;Грозный;Чеченская Республика, Грозный, Киевская улица, 5;36000,0000;39000,0000;42000,0000;2;9;POINT(45.709237 43.328059);43.328059;45.709237;01.10.2016 0:00:00;myData.biz
231373;Чеченская республика;Грозный;Чеченская Республика, Грозный, Киевская улица, 51;29000,0000;29000,0000;29000,0000;1;5;POINT(45.71469 43.321501);43.321501;45.71469;01.02.2017 0:00:00;myData.biz
151075;Чеченская Республика;Грозный;Чеченская Республика, Грозный, Киевская улица, 59;40000,0000;41000,0000;42000,0000;2;5;POINT(45.714968 43.320209);43.320209;45.714968;01.10.2016 0:00:00;myData.biz
217067;Чеченская республика;Грозный;Чеченская Республика, Грозный, Киевская улица, 7;33000,0000;33000,0000;33000,0000;1;9;POINT(45.709758 43.328066);43.328066;45.709758;01.01.2017 0:00:00;myData.biz
151053;Чеченская Республика;Грозный;Чеченская Республика, Грозный, Киевская улица, 9А;60000,0000;60000,0000;60000,0000;1;9;POINT(45.71089 43.327804);43.327804;45.71089;01.09.2016 0:00:00;myData.biz
241199;Чеченская республика;Грозный;Чеченская Республика, Грозный, Киевская улица, 9Б;32000,0000;32000,0000;32000,0000;1;9;POINT(45.711636 43.327594);43.327594;45.711636;01.02.2017 0:00:00;myData.biz
177628;Чеченская республика;Грозный;Чеченская Республика, Грозный, Киевский переулок, 10;43000,0000;43000,0000;43000,0000;1;5;POINT(45.70409 43.334552);43.334552;45.70409;01.11.2016 0:00:00;myData.biz
233524;Чеченская республика;Грозный;Чеченская Республика, Грозный, Киевский переулок, 11;38000,0000;38000,0000;38000,0000;1;5;POINT(45.704584 43.333948);43.333948;45.704584;01.02.2017 0:00:00;myData.biz
151047;Чеченская Республика;Грозный;Чеченская Республика, Грозный, Киевский переулок, 12;35000,0000;35000,0000;35000,0000;1;5;POINT(45.705249 43.333627);43.333627;45.705249;01.09.2016 0:00:00;myData.biz
150968;Чеченская Республика;Грозный;Чеченская Республика, Грозный, Киевский переулок, 13;32000,0000;41000,0000;48000,0000;4;5;POINT(45.705518 43.333293);43.333293;45.705518;01.01.2017 0:00:00;myData.biz
241430;Чеченская республика;Грозный;Чеченская Республика, Грозный, Киевский переулок, 14;51000,0000;51000,0000;51000,0000;1;5;POINT(45.706156 43.332925);43.332925;45.706156;01.02.2017 0:00:00;myData.biz
151010;Чеченская Республика;Грозный;Чеченская Республика, Грозный, Киевский переулок, 17;36000,0000;38000,0000;41000,0000;5;5;POINT(45.705482 43.33265);43.33265;45.705482;01.12.2016 0:00:00;myData.biz
151040;Чеченская Республика;Грозный;Чеченская Республика, Грозный, Киевский переулок, 18;49000,0000;49000,0000;49000,0000;1;5;POINT(45.706632 43.331961);43.331961;45.706632;01.10.2016 0:00:00;myData.biz
213106;Чеченская республика;Грозный;Чеченская Республика, Грозный, Киевский переулок, 19;39000,0000;39000,0000;39000,0000;1;5;POINT(45.705922 43.331738);43.331738;45.705922;01.12.2016 0:00:00;myData.biz
206783;Чеченская республика;Грозный;Чеченская Республика, Грозный, Киевский переулок, 20;37000,0000;42000,0000;47000,0000;2;5;POINT(45.707063 43.33244);43.33244;45.707063;01.12.2016 0:00:00;myData.biz
220429;Чеченская республика;Грозный;Чеченская Республика, Грозный, Киевский переулок, 21;31000,0000;36000,0000;40000,0000;2;5;POINT(45.707396 43.331174);43.331174;45.707396;01.01.2017 0:00:00;myData.biz
246006;Чеченская республика;Грозный;Чеченская Республика, Грозный, Киевский переулок, 23;33000,0000;33000,0000;33000,0000;1;5;POINT(45.706704 43.331351);43.331351;45.706704;01.03.2017 0:00:00;myData.biz
178596;Чеченская республика;Грозный;Чеченская Республика, Грозный, Киевский переулок, 24;27000,0000;29000,0000;32000,0000;3;5;POINT(45.706515 43.333279);43.333279;45.706515;01.01.2017 0:00:00;myData.biz
151033;Чеченская Республика;Грозный;Чеченская Республика, Грозный, Киевский переулок, 8;29000,0000;41000,0000;51000,0000;8;5;POINT(45.704826 43.334473);43.334473;45.704826;01.11.2016 0:00:00;myData.biz
150923;Чеченская Республика;Грозный;Чеченская Республика, Грозный, Киевский переулок, 9;30000,0000;30000,0000;30000,0000;1;5;POINT(45.705734 43.334243);43.334243;45.705734;01.10.2016 0:00:00;myData.biz
150948;Чеченская Республика;Грозный;Чеченская Республика, Грозный, Ладожская улица, 13;30000,0000;35000,0000;40000,0000;2;5;POINT(45.664708 43.344262);43.344262;45.664708;01.11.2016 0:00:00;myData.biz
150995;Чеченская Республика;Грозный;Чеченская Республика, Грозный, Ладожская улица, 17;29000,0000;32000,0000;35000,0000;5;5;POINT(45.665471 43.345101);43.345101;45.665471;01.12.2016 0:00:00;myData.biz
151046;Чеченская Республика;Грозный;Чеченская Республика, Грозный, микрорайон Грозный-Сити, 4;29000,0000;37000,0000;63000,0000;7;5;POINT(45.699302 43.315847);43.315847;45.699302;01.12.2016 0:00:00;myData.biz
150955;Чеченская Республика;Грозный;Чеченская Республика, Грозный, Моздокская улица, 1;36000,0000;36000,0000;36000,0000;1;5;POINT(45.683653 43.331725);43.331725;45.683653;01.10.2016 0:00:00;myData.biz
223382;Чеченская республика;Грозный;Чеченская Республика, Грозный, Новосибирская улица, 33;42000,0000;42000,0000;42000,0000;1;5;POINT(45.651745 43.267309);43.267309;45.651745;01.01.2017 0:00:00;myData.biz
158724;Чеченская Республика;Грозный;Чеченская Республика, Грозный, Новосибирская улица, 35;38000,0000;38000,0000;38000,0000;1;5;POINT(45.651493 43.267801);43.267801;45.651493;01.10.2016 0:00:00;myData.biz
151059;Чеченская Республика;Грозный;Чеченская Республика, Грозный, переулок Ульянова, 10;30000,0000;40000,0000;47000,0000;4;5;POINT(45.694765 43.293312);43.293312;45.694765;01.11.2016 0:00:00;myData.biz
228987;Чеченская республика;Грозный;Чеченская Республика, Грозный, поселок Мичурина, переулок Леонова, 12;36000,0000;36000,0000;36000,0000;1;5;POINT(45.723233 43.299191);43.299191;45.723233;01.01.2017 0:00:00;myData.biz
150952;Чеченская Республика;Грозный;Чеченская Республика, Грозный, поселок Нефтянка, улица 84 Псковских Десантников, 10;30000,0000;31000,0000;33000,0000;3;5;POINT(45.662992 43.342649);43.342649;45.662992;01.01.2017 0:00:00;myData.biz
158987;Чеченская Республика;Грозный;Чеченская Республика, Грозный, поселок Нефтянка, улица 84 Псковских Десантников, 11;28000,0000;33000,0000;38000,0000;3;5;POINT(45.662237 43.343705);43.343705;45.662237;01.12.2016 0:00:00;myData.biz
239530;Чеченская республика;Грозный;Чеченская Республика, Грозный, поселок Нефтянка, улица 84 Псковских Десантников, 13;47000,0000;47000,0000;47000,0000;1;5;POINT(45.662543 43.344033);43.344033;45.662543;01.02.2017 0:00:00;myData.biz
165047;Чеченская республика;Грозный;Чеченская Республика, Грозный, поселок Нефтянка, улица 84 Псковских Десантников, 4;33000,0000;40000,0000;51000,0000;3;5;POINT(45.661824 43.341574);43.341574;45.661824;01.11.2016 0:00:00;myData.biz
150915;Чеченская Республика;Грозный;Чеченская Республика, Грозный, поселок Нефтянка, улица 84 Псковских Десантников, 7;22000,0000;22000,0000;22000,0000;1;4;POINT(45.661348 43.342911);43.342911;45.661348;01.10.2016 0:00:00;myData.biz
232639;Чеченская республика;Грозный;Чеченская Республика, Грозный, поселок Участок №20, 2;26000,0000;26000,0000;26000,0000;1;2;POINT(45.678605 43.263639);43.263639;45.678605;01.02.2017 0:00:00;myData.biz
170925;Чеченская республика;Грозный;Чеченская Республика, Грозный, поселок Участок №20, 20;13000,0000;19000,0000;26000,0000;2;2;POINT(45.681407 43.262943);43.262943;45.681407;01.11.2016 0:00:00;myData.biz
229337;Чеченская республика;Грозный;Чеченская Республика, Грозный, поселок Участок №20, 21;22000,0000;22000,0000;22000,0000;1;2;POINT(45.680689 43.263179);43.263179;45.680689;01.01.2017 0:00:00;myData.biz
243181;Чеченская республика;Грозный;Чеченская Республика, Грозный, поселок Участок №20, 25;24000,0000;24000,0000;24000,0000;1;2;POINT(45.679305 43.261564);43.261564;45.679305;01.03.2017 0:00:00;myData.biz
151003;Чеченская Республика;Грозный;Чеченская Республика, Грозный, поселок Участок №20, 26;31000,0000;31000,0000;31000,0000;1;2;POINT(45.679386 43.261229);43.261229;45.679386;01.10.2016 0:00:00;myData.biz
150982;Чеченская Республика;Грозный;Чеченская Республика, Грозный, поселок Участок №20, 33;25000,0000;25000,0000;25000,0000;1;2;POINT(45.681039 43.261157);43.261157;45.681039;01.10.2016 0:00:00;myData.biz
237603;Чеченская республика;Грозный;Чеченская Республика, Грозный, поселок Участок №20, 36;24000,0000;24000,0000;24000,0000;1;2;POINT(45.680716 43.26056);43.26056;45.680716;01.02.2017 0:00:00;myData.biz
240253;Чеченская республика;Грозный;Чеченская Республика, Грозный, поселок Участок №20, 37;29000,0000;29000,0000;29000,0000;1;2;POINT(45.679611 43.260159);43.260159;45.679611;01.02.2017 0:00:00;myData.biz
151021;Чеченская Республика;Грозный;Чеченская Республика, Грозный, поселок Участок №20, 7;51000,0000;51000,0000;51000,0000;3;2;POINT(45.677697 43.263803);43.263803;45.677697;01.11.2016 0:00:00;myData.biz
150929;Чеченская Республика;Грозный;Чеченская Республика, Грозный, проспект Ахмата Кадырова, 101;44000,0000;44000,0000;44000,0000;1;5;POINT(45.706641 43.304394);43.304394;45.706641;01.10.2016 0:00:00;myData.biz
151073;Чеченская Республика;Грозный;Чеченская Республика, Грозный, проспект Ахмата Кадырова, 103;48000,0000;48000,0000;48000,0000;1;5;POINT(45.707189 43.30381);43.30381;45.707189;01.09.2016 0:00:00;myData.biz
150963;Чеченская Республика;Грозный;Чеченская Республика, Грозный, проспект Ахмата Кадырова, 110;44000,0000;44000,0000;44000,0000;1;5;POINT(45.707306 43.301258);43.301258;45.707306;01.10.2016 0:00:00;myData.biz
240816;Чеченская республика;Грозный;Чеченская Республика, Грозный, проспект Ахмата Кадырова, 112;51000,0000;51000,0000;51000,0000;1;5;POINT(45.707872 43.300903);43.300903;45.707872;01.02.2017 0:00:00;myData.biz
150971;Чеченская Республика;Грозный;Чеченская Республика, Грозный, проспект Ахмата Кадырова, 114;43000,0000;43000,0000;43000,0000;1;5;POINT(45.70815 43.300602);43.300602;45.70815;01.10.2016 0:00:00;myData.biz
233096;Чеченская республика;Грозный;Чеченская Республика, Грозный, проспект Ахмата Кадырова, 117;34000,0000;37000,0000;40000,0000;2;5;POINT(45.709776 43.30192);43.30192;45.709776;01.02.2017 0:00:00;myData.biz
211779;Чеченская республика;Грозный;Чеченская Республика, Грозный, проспект Ахмата Кадырова, 119;40000,0000;44000,0000;48000,0000;3;5;POINT(45.710135 43.301533);43.301533;45.710135;01.01.2017 0:00:00;myData.biz
161502;Чеченская республика;Грозный;Чеченская Республика, Грозный, проспект Ахмата Кадырова, 121;47000,0000;54000,0000;60000,0000;6;5;POINT(45.710432 43.301212);43.301212;45.710432;01.11.2016 0:00:00;myData.biz
151013;Чеченская Республика;Грозный;Чеченская Республика, Грозный, проспект Ахмата Кадырова, 136;39000,0000;40000,0000;43000,0000;3;5;POINT(45.712175 43.297019);43.297019;45.712175;01.10.2016 0:00:00;myData.biz
161186;Чеченская республика;Грозный;Чеченская Республика, Грозный, проспект Ахмата Кадырова, 137;37000,0000;51000,0000;85000,0000;7;15;POINT(45.711779 43.299257);43.299257;45.711779;01.12.2016 0:00:00;myData.biz
169331;Чеченская республика;Грозный;Чеченская Республика, Грозный, проспект Ахмата Кадырова, 201А;30000,0000;33000,0000;35000,0000;2;9;POINT(45.720673 43.290576);43.290576;45.720673;01.11.2016 0:00:00;myData.biz
234791;Чеченская республика;Грозный;Чеченская Республика, Грозный, проспект Ахмата Кадырова, 213;43000,0000;43000,0000;43000,0000;1;4;POINT(45.723305 43.288226);43.288226;45.723305;01.02.2017 0:00:00;myData.biz
195701;Чеченская республика;Грозный;Чеченская Республика, Грозный, проспект Ахмата Кадырова, 34;52000,0000;52000,0000;52000,0000;1;5;POINT(45.700344 43.310199);43.310199;45.700344;01.12.2016 0:00:00;myData.biz
213621;Чеченская республика;Грозный;Чеченская Республика, Грозный, проспект Ахмата Кадырова, 40А;48000,0000;48000,0000;48000,0000;1;5;POINT(45.699832 43.309215);43.309215;45.699832;01.12.2016 0:00:00;myData.biz
150911;Чеченская Республика;Грозный;Чеченская Республика, Грозный, проспект Ахмата Кадырова, 42;40000,0000;54000,0000;88000,0000;11;12;POINT(45.7017 43.308172);43.308172;45.7017;01.01.2017 0:00:00;myData.biz
210849;Чеченская республика;Грозный;Чеченская Республика, Грозный, проспект Ахмата Кадырова, 46;83000,0000;83000,0000;83000,0000;1;12;POINT(45.702087 43.30772);43.30772;45.702087;01.12.2016 0:00:00;myData.biz
224018;Чеченская республика;Грозный;Чеченская Республика, Грозный, проспект Ахмата Кадырова, 48;37000,0000;37000,0000;37000,0000;2;12;POINT(45.702518 43.307247);43.307247;45.702518;01.02.2017 0:00:00;myData.biz
150942;Чеченская Республика;Грозный;Чеченская Республика, Грозный, проспект Ахмата Кадырова, 53;40000,0000;52000,0000;60000,0000;4;9;POINT(45.704557 43.306585);43.306585;45.704557;01.10.2016 0:00:00;myData.biz
214851;Чеченская республика;Грозный;Чеченская Республика, Грозный, проспект Ахмата Кадырова, 55;35000,0000;35000,0000;35000,0000;1;12;POINT(45.705518 43.306073);43.306073;45.705518;01.01.2017 0:00:00;myData.biz
151016;Чеченская Республика;Грозный;Чеченская Республика, Грозный, проспект Ахмата Кадырова, 57;55000,0000;55000,0000;55000,0000;1;12;POINT(45.705931 43.305614);43.305614;45.705931;01.10.2016 0:00:00;myData.biz
150977;Чеченская Республика;Грозный;Чеченская Республика, Грозный, проспект Ахмата Кадырова, 74/100;47000,0000;52000,0000;57000,0000;2;9;POINT(45.704341 43.305548);43.305548;45.704341;01.10.2016 0:00:00;myData.biz
210063;Чеченская республика;Грозный;Чеченская Республика, Грозный, проспект Бульвар Дудаева, 10;35000,0000;35000,0000;35000,0000;1;5;POINT(45.719658 43.320012);43.320012;45.719658;01.12.2016 0:00:00;myData.biz
151074;Чеченская Республика;Грозный;Чеченская Республика, Грозный, проспект Бульвар Дудаева, 12;31000,0000;36000,0000;43000,0000;5;5;POINT(45.719685 43.319586);43.319586;45.719685;01.12.2016 0:00:00;myData.biz
150975;Чеченская Республика;Грозный;Чеченская Республика, Грозный, проспект Бульвар Дудаева, 14;31000,0000;38000,0000;42000,0000;3;5;POINT(45.719819 43.319147);43.319147;45.719819;01.12.2016 0:00:00;myData.biz
151081;Чеченская Республика;Грозный;Чеченская Республика, Грозный, проспект Бульвар Дудаева, 18;27000,0000;40000,0000;46000,0000;3;13;POINT(45.723296 43.313906);43.313906;45.723296;01.11.2016 0:00:00;myData.biz
150965;Чеченская Республика;Грозный;Чеченская Республика, Грозный, проспект Бульвар Дудаева, 18А;36000,0000;36000,0000;36000,0000;1;13;POINT(45.722649 43.314083);43.314083;45.722649;01.10.2016 0:00:00;myData.biz
214347;Чеченская республика;Грозный;Чеченская Республика, Грозный, проспект Бульвар Дудаева, 24-26;49000,0000;49000,0000;49000,0000;1;10;POINT(45.723781 43.312502);43.312502;45.723781;01.01.2017 0:00:00;myData.biz
218160;Чеченская республика;Грозный;Чеченская Республика, Грозный, проспект Бульвар Дудаева, 3;39000,0000;44000,0000;49000,0000;3;5;POINT(45.724095 43.321954);43.321954;45.724095;01.02.2017 0:00:00;myData.biz
150964;Чеченская Республика;Грозный;Чеченская Республика, Грозный, проспект Владимира Путина, 14;17000,0000;48000,0000;64000,0000;3;5;POINT(45.683689 43.321777);43.321777;45.683689;01.11.2016 0:00:00;myData.biz
207277;Чеченская республика;Грозный;Чеченская Республика, Грозный, проспект Владимира Путина, 15;100000,0000;100000,0000;100000,0000;1;5;POINT(45.688935 43.319665);43.319665;45.688935;01.12.2016 0:00:00;myData.biz
151072;Чеченская Республика;Грозный;Чеченская Республика, Грозный, проспект Владимира Путина, 1А;52000,0000;52000,0000;52000,0000;1;5;POINT(45.680689 43.324177);43.324177;45.680689;01.09.2016 0:00:00;myData.biz
151076;Чеченская Республика;Грозный;Чеченская Республика, Грозный, проспект Владимира Путина, 2;66000,0000;77000,0000;98000,0000;3;4;POINT(45.679745 43.324013);43.324013;45.679745;01.12.2016 0:00:00;myData.biz
161501;Чеченская республика;Грозный;Чеченская Республика, Грозный, проспект Владимира Путина, 22;43000,0000;47000,0000;51000,0000;3;4;POINT(45.687192 43.319973);43.319973;45.687192;01.12.2016 0:00:00;myData.biz
150994;Чеченская Республика;Грозный;Чеченская Республика, Грозный, проспект Владимира Путина, 5А;89000,0000;89000,0000;89000,0000;1;5;POINT(45.685836 43.32135);43.32135;45.685836;01.10.2016 0:00:00;myData.biz
173460;Чеченская республика;Грозный;Чеченская Республика, Грозный, проспект Владимира Путина, 6;89000,0000;89000,0000;89000,0000;1;4;POINT(45.680868 43.323324);43.323324;45.680868;01.11.2016 0:00:00;myData.biz
176703;Чеченская республика;Грозный;Чеченская Республика, Грозный, проспект Владимира Путина, 8А;58000,0000;58000,0000;58000,0000;1;3;POINT(45.681937 43.322806);43.322806;45.681937;01.11.2016 0:00:00;myData.biz
151067;Чеченская Республика;Грозный;Чеченская Республика, Грозный, проспект Кирова, 17;39000,0000;52000,0000;65000,0000;3;9;POINT(45.725021 43.319206);43.319206;45.725021;01.10.2016 0:00:00;myData.biz
150919;Чеченская Республика;Грозный;Чеченская Республика, Грозный, проспект Кирова, 19;34000,0000;38000,0000;45000,0000;3;9;POINT(45.725757 43.319238);43.319238;45.725757;01.10.2016 0:00:00;myData.biz
177861;Чеченская республика;Грозный;Чеченская Республика, Грозный, проспект Кирова, 23;46000,0000;46000,0000;46000,0000;1;9;POINT(45.726539 43.319271);43.319271;45.726539;01.11.2016 0:00:00;myData.biz
150934;Чеченская Республика;Грозный;Чеченская Республика, Грозный, проспект Кирова, 33/26;20000,0000;40000,0000;56000,0000;10;5;POINT(45.729826 43.319271);43.319271;45.729826;01.12.2016 0:00:00;myData.biz
151055;Чеченская Республика;Грозный;Чеченская Республика, Грозный, проспект Кирова, 37;38000,0000;38000,0000;38000,0000;1;9;POINT(45.734291 43.319658);43.319658;45.734291;01.09.2016 0:00:00;myData.biz
150991;Чеченская Республика;Грозный;Чеченская Республика, Грозный, проспект Кирова, 43;37000,0000;38000,0000;40000,0000;2;5;POINT(45.735953 43.319678);43.319678;45.735953;01.10.2016 0:00:00;myData.biz
161503;Чеченская республика;Грозный;Чеченская Республика, Грозный, проспект Кирова, 5;31000,0000;34000,0000;36000,0000;2;5;POINT(45.716451 43.319192);43.319192;45.716451;01.10.2016 0:00:00;myData.biz
235718;Чеченская республика;Грозный;Чеченская Республика, Грозный, проспект Мухаммеда Али, 31А;39000,0000;39000,0000;39000,0000;1;5;POINT(45.727356 43.320649);43.320649;45.727356;01.02.2017 0:00:00;myData.biz
239908;Чеченская республика;Грозный;Чеченская Республика, Грозный, проспект Мухаммеда Али, 33/26;29000,0000;43000,0000;56000,0000;2;5;POINT(45.729826 43.319271);43.319271;45.729826;01.02.2017 0:00:00;myData.biz
220217;Чеченская республика;Грозный;Чеченская Республика, Грозный, проспект Мухаммеда Али, 35;30000,0000;36000,0000;42000,0000;2;9;POINT(45.733572 43.319606);43.319606;45.733572;01.01.2017 0:00:00;myData.biz
223381;Чеченская республика;Грозный;Чеченская Республика, Грозный, проспект Мухаммеда Али, 39;31000,0000;36000,0000;41000,0000;2;9;POINT(45.734983 43.319691);43.319691;45.734983;01.02.2017 0:00:00;myData.biz
231884;Чеченская республика;Грозный;Чеченская Республика, Грозный, проспект Мухаммеда Али, 43;34000,0000;34000,0000;34000,0000;1;5;POINT(45.735953 43.319678);43.319678;45.735953;01.02.2017 0:00:00;myData.biz
208626;Чеченская республика;Грозный;Чеченская Республика, Грозный, проспект Мухаммеда Али, 5;31000,0000;39000,0000;54000,0000;3;5;POINT(45.716451 43.319192);43.319192;45.716451;01.12.2016 0:00:00;myData.biz
211187;Чеченская республика;Грозный;Чеченская Республика, Грозный, проспект Хусейна Исаева, 75;56000,0000;63000,0000;70000,0000;2;9;POINT(45.68951 43.3155);43.3155;45.68951;01.12.2016 0:00:00;myData.biz
150988;Чеченская Республика;Грозный;Чеченская Республика, Грозный, Пятигорская улица, 28;36000,0000;36000,0000;36000,0000;1;5;POINT(45.649751 43.265812);43.265812;45.649751;01.10.2016 0:00:00;myData.biz
210064;Чеченская республика;Грозный;Чеченская Республика, Грозный, Пятигорская улица, 5;54000,0000;54000,0000;54000,0000;1;3;POINT(45.652347 43.263153);43.263153;45.652347;01.12.2016 0:00:00;myData.biz
185408;Чеченская республика;Грозный;Чеченская Республика, Грозный, Пятигорская улица, 8;48000,0000;48000,0000;48000,0000;1;3;POINT(45.652302 43.263908);43.263908;45.652302;01.11.2016 0:00:00;myData.biz
220216;Чеченская республика;Грозный;Чеченская Республика, Грозный, Пятигорская улица, 9;35000,0000;35000,0000;35000,0000;1;3;POINT(45.651422 43.264131);43.264131;45.651422;01.01.2017 0:00:00;myData.biz
151039;Чеченская Республика;Грозный;Чеченская Республика, Грозный, Пятигорский переулок, 12;34000,0000;35000,0000;35000,0000;2;2;POINT(45.649499 43.262963);43.262963;45.649499;01.12.2016 0:00:00;myData.biz
151004;Чеченская Республика;Грозный;Чеченская Республика, Грозный, Пятигорский переулок, 6;27000,0000;27000,0000;27000,0000;2;3;POINT(45.650353 43.263527);43.263527;45.650353;01.11.2016 0:00:00;myData.biz
151082;Чеченская Республика;Грозный;Чеченская Республика, Грозный, район Черноречье, Ашхабадская улица, 22/35;28000,0000;28000,0000;28000,0000;1;3;POINT(45.652841 43.269698);43.269698;45.652841;01.09.2016 0:00:00;myData.biz
196963;Чеченская республика;Грозный;Чеченская Республика, Грозный, район Черноречье, Верхоянская улица, 26;35000,0000;35000,0000;35000,0000;1;2;POINT(45.651592 43.261525);43.261525;45.651592;01.12.2016 0:00:00;myData.biz
150957;Чеченская Республика;Грозный;Чеченская Республика, Грозный, район Черноречье, Верхоянская улица, 4А;25000,0000;30000,0000;46000,0000;8;5;POINT(45.658851 43.265871);43.265871;45.658851;01.01.2017 0:00:00;myData.biz
159761;Чеченская Республика;Грозный;Чеченская Республика, Грозный, район Черноречье, Верхоянская улица, 6А;33000,0000;41000,0000;46000,0000;4;5;POINT(45.657907 43.266258);43.266258;45.657907;01.12.2016 0:00:00;myData.biz
158416;Чеченская Республика;Грозный;Чеченская Республика, Грозный, район Черноречье, Верхоянская улица, 6Б;35000,0000;37000,0000;40000,0000;5;5;POINT(45.657674 43.266672);43.266672;45.657674;01.11.2016 0:00:00;myData.biz
193637;Чеченская республика;Грозный;Чеченская Республика, Грозный, район Черноречье, Гурьевская улица, 15;32000,0000;32000,0000;32000,0000;1;4;POINT(45.656443 43.260724);43.260724;45.656443;01.11.2016 0:00:00;myData.biz
157767;Чеченская Республика;Грозный;Чеченская Республика, Грозный, район Черноречье, Донбасский переулок, 4;30000,0000;30000,0000;30000,0000;2;3;POINT(45.659066 43.262437);43.262437;45.659066;01.11.2016 0:00:00;myData.biz
150918;Чеченская Республика;Грозный;Чеченская Республика, Грозный, район Черноречье, Могилёвская улица, 10;36000,0000;36000,0000;36000,0000;1;3;POINT(45.657692 43.262726);43.262726;45.657692;01.10.2016 0:00:00;myData.biz
212416;Чеченская республика;Грозный;Чеченская Республика, Грозный, район Черноречье, Могилёвская улица, 12;38000,0000;38000,0000;38000,0000;1;3;POINT(45.658096 43.263055);43.263055;45.658096;01.12.2016 0:00:00;myData.biz
160632;Чеченская Республика;Грозный;Чеченская Республика, Грозный, район Черноречье, Могилёвская улица, 18;10000,0000;40000,0000;78000,0000;4;5;POINT(45.657925 43.263915);43.263915;45.657925;01.12.2016 0:00:00;myData.biz
218996;Чеченская республика;Грозный;Чеченская Республика, Грозный, район Черноречье, Могилёвская улица, 20;23000,0000;23000,0000;23000,0000;1;5;POINT(45.65718 43.264689);43.264689;45.65718;01.01.2017 0:00:00;myData.biz
150992;Чеченская Республика;Грозный;Чеченская Республика, Грозный, район Черноречье, Могилёвская улица, 24;39000,0000;40000,0000;40000,0000;2;5;POINT(45.656767 43.265411);43.265411;45.656767;01.11.2016 0:00:00;myData.biz
171459;Чеченская республика;Грозный;Чеченская Республика, Грозный, район Черноречье, Могилёвская улица, 30;45000,0000;49000,0000;51000,0000;3;1;POINT(45.656102 43.266619);43.266619;45.656102;01.12.2016 0:00:00;myData.biz
150970;Чеченская Республика;Грозный;Чеченская Республика, Грозный, район Черноречье, Могилёвская улица, 32;25000,0000;34000,0000;40000,0000;4;5;POINT(45.655653 43.267026);43.267026;45.655653;01.12.2016 0:00:00;myData.biz
172078;Чеченская республика;Грозный;Чеченская Республика, Грозный, район Черноречье, Могилёвская улица, 36;38000,0000;38000,0000;39000,0000;2;5;POINT(45.65523 43.268484);43.268484;45.65523;01.12.2016 0:00:00;myData.biz
165046;Чеченская республика;Грозный;Чеченская Республика, Грозный, район Черноречье, Оренбургская улица, 34;29000,0000;29000,0000;29000,0000;1;2;POINT(45.654125 43.264348);43.264348;45.654125;01.10.2016 0:00:00;myData.biz
150993;Чеченская Республика;Грозный;Чеченская Республика, Грозный, район Черноречье, Оренбургская улица, 36;28000,0000;34000,0000;40000,0000;3;2;POINT(45.653335 43.264289);43.264289;45.653335;01.12.2016 0:00:00;myData.biz
150954;Чеченская Республика;Грозный;Чеченская Республика, Грозный, район Черноречье, Оренбургская улица, 4;30000,0000;36000,0000;42000,0000;2;4;POINT(45.657584 43.259142);43.259142;45.657584;01.10.2016 0:00:00;myData.biz
177863;Чеченская республика;Грозный;Чеченская Республика, Грозный, район Черноречье, Оренбургская улица, 6;35000,0000;35000,0000;35000,0000;1;4;POINT(45.657279 43.259542);43.259542;45.657279;01.11.2016 0:00:00;myData.biz
197366;Чеченская республика;Грозный;Чеченская Республика, Грозный, район Черноречье, улица Менделеева, 10;32000,0000;37000,0000;43000,0000;2;4;POINT(45.659749 43.259326);43.259326;45.659749;01.01.2017 0:00:00;myData.biz
151031;Чеченская Республика;Грозный;Чеченская Республика, Грозный, район Черноречье, улица Менделеева, 12;24000,0000;35000,0000;48000,0000;4;4;POINT(45.659246 43.25922);43.25922;45.659246;01.11.2016 0:00:00;myData.biz
150956;Чеченская Республика;Грозный;Чеченская Республика, Грозный, район Черноречье, улица Менделеева, 14;33000,0000;35000,0000;38000,0000;2;4;POINT(45.658698 43.259142);43.259142;45.658698;01.12.2016 0:00:00;myData.biz
151043;Чеченская Республика;Грозный;Чеченская Республика, Грозный, район Черноречье, улица Менделеева, 16;38000,0000;40000,0000;42000,0000;2;5;POINT(45.658006 43.258767);43.258767;45.658006;01.11.2016 0:00:00;myData.biz
151038;Чеченская Республика;Грозный;Чеченская Республика, Грозный, район Черноречье, улица Менделеева, 6;27000,0000;32000,0000;42000,0000;5;5;POINT(45.660854 43.259516);43.259516;45.660854;01.12.2016 0:00:00;myData.biz
151002;Чеченская Республика;Грозный;Чеченская Республика, Грозный, район Черноречье, улица Менделеева, 8;30000,0000;30000,0000;30000,0000;1;4;POINT(45.660288 43.259411);43.259411;45.660288;01.10.2016 0:00:00;myData.biz
151006;Чеченская Республика;Грозный;Чеченская Республика, Грозный, Расковой улица, 122;48000,0000;54000,0000;60000,0000;2;5;POINT(45.721814 43.291028);43.291028;45.721814;01.10.2016 0:00:00;myData.biz
157363;Чеченская Республика;Грозный;Чеченская Республика, Грозный, Расковой улица, 127;30000,0000;40000,0000;53000,0000;7;5;POINT(45.72255 43.290799);43.290799;45.72255;01.11.2016 0:00:00;myData.biz
150941;Чеченская Республика;Грозный;Чеченская Республика, Грозный, Родниковая улица, 12;34000,0000;34000,0000;34000,0000;1;3;POINT(45.648628 43.26289);43.26289;45.648628;01.10.2016 0:00:00;myData.biz
178598;Чеченская республика;Грозный;Чеченская Республика, Грозный, Родниковая улица, 6;19000,0000;27000,0000;35000,0000;2;2;POINT(45.649697 43.261728);43.261728;45.649697;01.12.2016 0:00:00;myData.biz
206784;Чеченская республика;Грозный;Чеченская Республика, Грозный, Самашкинская улица, 32;38000,0000;38000,0000;38000,0000;2;2;POINT(45.674652 43.289978);43.289978;45.674652;01.01.2017 0:00:00;myData.biz
239317;Чеченская республика;Грозный;Чеченская Республика, Грозный, Самашкинский переулок, 3;32000,0000;32000,0000;32000,0000;1;2;POINT(45.673763 43.288403);43.288403;45.673763;01.02.2017 0:00:00;myData.biz
189730;Чеченская республика;Грозный;Чеченская Республика, Грозный, Самашкинский переулок, 4;39000,0000;39000,0000;39000,0000;1;2;POINT(45.674149 43.288633);43.288633;45.674149;01.11.2016 0:00:00;myData.biz
150947;Чеченская Республика;Грозный;Чеченская Республика, Грозный, Сквозной переулок, 14;27000,0000;31000,0000;35000,0000;2;4;POINT(45.650936 43.3448);43.3448;45.650936;01.12.2016 0:00:00;myData.biz
151060;Чеченская Республика;Грозный;Чеченская Республика, Грозный, Сквозной переулок, 28;23000,0000;28000,0000;32000,0000;4;5;POINT(45.648969 43.345606);43.345606;45.648969;01.11.2016 0:00:00;myData.biz
150917;Чеченская Республика;Грозный;Чеченская Республика, Грозный, Старопромысловское шоссе, 8;50000,0000;50000,0000;51000,0000;2;3;POINT(45.679188 43.330925);43.330925;45.679188;01.10.2016 0:00:00;myData.biz
150907;Чеченская Республика;Грозный;Чеченская Республика, Грозный, Трудовая улица, 43;40000,0000;53000,0000;70000,0000;9;5;POINT(45.701314 43.306664);43.306664;45.701314;01.12.2016 0:00:00;myData.biz
169752;Чеченская республика;Грозный;Чеченская Республика, Грозный, Трудовая улица, 45;52000,0000;52000,0000;52000,0000;1;5;POINT(45.70082 43.307044);43.307044;45.70082;01.11.2016 0:00:00;myData.biz
151057;Чеченская Республика;Грозный;Чеченская Республика, Грозный, Трудовая улица, 61;41000,0000;45000,0000;50000,0000;3;5;POINT(45.701754 43.305155);43.305155;45.701754;01.12.2016 0:00:00;myData.biz
194498;Чеченская республика;Грозный;Чеченская Республика, Грозный, Трудовая улица, 63;45000,0000;47000,0000;49000,0000;2;5;POINT(45.70214 43.304873);43.304873;45.70214;01.12.2016 0:00:00;myData.biz
170778;Чеченская республика;Грозный;Чеченская Республика, Грозный, Трудовая улица, 65;43000,0000;49000,0000;56000,0000;2;5;POINT(45.702661 43.304682);43.304682;45.702661;01.12.2016 0:00:00;myData.biz
151019;Чеченская Республика;Грозный;Чеченская Республика, Грозный, Угольная улица, 265;53000,0000;53000,0000;53000,0000;1;5;POINT(45.604287 43.369603);43.369603;45.604287;01.10.2016 0:00:00;myData.biz
151069;Чеченская Республика;Грозный;Чеченская Республика, Грозный, Угольная улица, 281;24000,0000;24000,0000;24000,0000;1;5;POINT(45.590156 43.374747);43.374747;45.590156;01.09.2016 0:00:00;myData.biz
150974;Чеченская Республика;Грозный;Чеченская Республика, Грозный, Угольная улица, 304;28000,0000;28000,0000;29000,0000;3;4;POINT(45.580275 43.376674);43.376674;45.580275;01.11.2016 0:00:00;myData.biz
151012;Чеченская Республика;Грозный;Чеченская Республика, Грозный, Угольная улица, 310;29000,0000;29000,0000;29000,0000;1;5;POINT(45.581335 43.375933);43.375933;45.581335;01.10.2016 0:00:00;myData.biz
151009;Чеченская Республика;Грозный;Чеченская Республика, Грозный, Угольная улица, 316;30000,0000;30000,0000;30000,0000;1;5;POINT(45.583177 43.375514);43.375514;45.583177;01.10.2016 0:00:00;myData.biz
164442;Чеченская республика;Грозный;Чеченская Республика, Грозный, улица 8 Марта, 1А;31000,0000;32000,0000;33000,0000;2;5;POINT(45.693517 43.292931);43.292931;45.693517;01.01.2017 0:00:00;myData.biz
243565;Чеченская республика;Грозный;Чеченская Республика, Грозный, улица 8 Марта, 41;58000,0000;58000,0000;58000,0000;1;5;POINT(45.701215 43.286034);43.286034;45.701215;01.03.2017 0:00:00;myData.biz
207410;Чеченская республика;Грозный;Чеченская Республика, Грозный, улица 8 Марта, 8;36000,0000;36000,0000;36000,0000;1;3;POINT(45.698206 43.288049);43.288049;45.698206;01.12.2016 0:00:00;myData.biz
150996;Чеченская Республика;Грозный;Чеченская Республика, Грозный, улица 8-я линия, 14;24000,0000;33000,0000;45000,0000;3;5;POINT(45.64198 43.345573);43.345573;45.64198;01.12.2016 0:00:00;myData.biz
238716;Чеченская республика;Грозный;Чеченская Республика, Грозный, улица А. Чеченского, 34А;35000,0000;35000,0000;35000,0000;1;9;POINT(45.717538 43.320347);43.320347;45.717538;01.02.2017 0:00:00;myData.biz
151078;Чеченская Республика;Грозный;Чеченская Республика, Грозный, улица Абузара Айдамирова, 131/6;49000,0000;52000,0000;56000,0000;2;9;POINT(45.69145 43.34518);43.34518;45.69145;01.10.2016 0:00:00;myData.biz
161187;Чеченская республика;Грозный;Чеченская Республика, Грозный, улица Абузара Айдамирова, 133/5;54000,0000;63000,0000;72000,0000;3;10;POINT(45.688064 43.34653);43.34653;45.688064;01.12.2016 0:00:00;myData.biz
151037;Чеченская Республика;Грозный;Чеченская Республика, Грозный, улица Абузара Айдамирова, 133К10;34000,0000;43000,0000;52000,0000;6;10;POINT(45.689061 43.345455);43.345455;45.689061;01.12.2016 0:00:00;myData.biz
244787;Чеченская республика;Грозный;Чеченская Республика, Грозный, улица Абузара Айдамирова, 141;45000,0000;45000,0000;45000,0000;1;9;POINT(45.689771 43.348379);43.348379;45.689771;01.03.2017 0:00:00;myData.biz
178595;Чеченская республика;Грозный;Чеченская Республика, Грозный, улица Абузара Айдамирова, 141к8;49000,0000;58000,0000;67000,0000;2;9;POINT(45.688279 43.350012);43.350012;45.688279;01.12.2016 0:00:00;myData.biz
237415;Чеченская республика;Грозный;Чеченская Республика, Грозный, улица Абузара Айдамирова, 43;41000,0000;41000,0000;41000,0000;1;9;POINT(45.695789 43.333168);43.333168;45.695789;01.02.2017 0:00:00;myData.biz
206410;Чеченская республика;Грозный;Чеченская Республика, Грозный, улица Буровиков, 2;33000,0000;40000,0000;47000,0000;2;2;POINT(45.706632 43.273945);43.273945;45.706632;01.01.2017 0:00:00;myData.biz
150939;Чеченская Республика;Грозный;Чеченская Республика, Грозный, улица Геннадия Трошева, 83;27000,0000;28000,0000;29000,0000;2;2;POINT(45.681291 43.335837);43.335837;45.681291;01.11.2016 0:00:00;myData.biz
181138;Чеченская республика;Грозный;Чеченская Республика, Грозный, улица Горняков, 2А;33000,0000;33000,0000;33000,0000;1;5;POINT(45.597118 43.371884);43.371884;45.597118;01.11.2016 0:00:00;myData.biz
217755;Чеченская республика;Грозный;Чеченская Республика, Грозный, улица Державина, 281;26000,0000;29000,0000;32000,0000;2;5;POINT(45.657997 43.34792);43.34792;45.657997;01.02.2017 0:00:00;myData.biz
151008;Чеченская Республика;Грозный;Чеченская Республика, Грозный, улица Державина, 283;33000,0000;39000,0000;53000,0000;4;5;POINT(45.659084 43.347271);43.347271;45.659084;01.11.2016 0:00:00;myData.biz
151054;Чеченская Республика;Грозный;Чеченская Республика, Грозный, улица Державина, 285;46000,0000;46000,0000;46000,0000;1;5;POINT(45.659965 43.346662);43.346662;45.659965;01.09.2016 0:00:00;myData.biz
150935;Чеченская Республика;Грозный;Чеченская Республика, Грозный, улица Державина, 287;30000,0000;33000,0000;37000,0000;3;5;POINT(45.661671 43.34638);43.34638;45.661671;01.10.2016 0:00:00;myData.biz
207276;Чеченская республика;Грозный;Чеченская Республика, Грозный, улица Державина, 291;29000,0000;34000,0000;39000,0000;3;5;POINT(45.663342 43.344944);43.344944;45.663342;01.01.2017 0:00:00;myData.biz
166975;Чеченская республика;Грозный;Чеченская Республика, Грозный, улица Державина, 291А;35000,0000;35000,0000;35000,0000;2;5;POINT(45.663854 43.345265);43.345265;45.663854;01.12.2016 0:00:00;myData.biz
173461;Чеченская республика;Грозный;Чеченская Республика, Грозный, улица Допризывников, 1;27000,0000;31000,0000;33000,0000;4;5;POINT(45.589788 43.374164);43.374164;45.589788;01.12.2016 0:00:00;myData.biz
195172;Чеченская республика;Грозный;Чеченская Республика, Грозный, улица Допризывников, 2А;31000,0000;36000,0000;42000,0000;2;5;POINT(45.591755 43.373784);43.373784;45.591755;01.12.2016 0:00:00;myData.biz
178597;Чеченская республика;Грозный;Чеченская Республика, Грозный, улица Допризывников, 3;18000,0000;31000,0000;40000,0000;4;5;POINT(45.590704 43.374426);43.374426;45.590704;01.01.2017 0:00:00;myData.biz
206096;Чеченская республика;Грозный;Чеченская Республика, Грозный, улица Дукувахи Абдрахманова, 89;37000,0000;37000,0000;37000,0000;1;5;POINT(45.702473 43.306322);43.306322;45.702473;01.12.2016 0:00:00;myData.biz
206010;Чеченская республика;Грозный;Чеченская Республика, Грозный, улица Дьякова, 1;32000,0000;38000,0000;42000,0000;3;5;POINT(45.73342 43.327004);43.327004;45.73342;01.12.2016 0:00:00;myData.biz
163617;Чеченская республика;Грозный;Чеченская Республика, Грозный, улица Дьякова, 10;36000,0000;36000,0000;37000,0000;2;9;POINT(45.732054 43.322957);43.322957;45.732054;01.11.2016 0:00:00;myData.biz
211778;Чеченская республика;Грозный;Чеченская Республика, Грозный, улица Дьякова, 11/1;14000,0000;29000,0000;38000,0000;3;5;POINT(45.733671 43.324216);43.324216;45.733671;01.01.2017 0:00:00;myData.biz
150932;Чеченская Республика;Грозный;Чеченская Республика, Грозный, улица Дьякова, 11/2;30000,0000;32000,0000;33000,0000;2;5;POINT(45.734866 43.324282);43.324282;45.734866;01.12.2016 0:00:00;myData.biz
150946;Чеченская Республика;Грозный;Чеченская Республика, Грозный, улица Дьякова, 12;28000,0000;37000,0000;49000,0000;10;5;POINT(45.732459 43.321986);43.321986;45.732459;01.12.2016 0:00:00;myData.biz
223499;Чеченская республика;Грозный;Чеченская Республика, Грозный, улица Дьякова, 14;45000,0000;45000,0000;45000,0000;2;9;POINT(45.732252 43.321003);43.321003;45.732252;01.01.2017 0:00:00;myData.biz
150920;Чеченская Республика;Грозный;Чеченская Республика, Грозный, улица Дьякова, 15/20;48000,0000;52000,0000;56000,0000;2;5;POINT(45.734174 43.323029);43.323029;45.734174;01.12.2016 0:00:00;myData.biz
218686;Чеченская республика;Грозный;Чеченская Республика, Грозный, улица Дьякова, 16;41000,0000;41000,0000;41000,0000;1;9;POINT(45.732288 43.32036);43.32036;45.732288;01.01.2017 0:00:00;myData.biz
218287;Чеченская республика;Грозный;Чеченская Республика, Грозный, улица Дьякова, 17А;47000,0000;49000,0000;50000,0000;3;5;POINT(45.734902 43.322223);43.322223;45.734902;01.01.2017 0:00:00;myData.biz
169330;Чеченская республика;Грозный;Чеченская Республика, Грозный, улица Дьякова, 18;38000,0000;44000,0000;49000,0000;3;9;POINT(45.732369 43.319711);43.319711;45.732369;01.12.2016 0:00:00;myData.biz
150966;Чеченская Республика;Грозный;Чеченская Республика, Грозный, улица Дьякова, 19;32000,0000;34000,0000;36000,0000;2;5;POINT(45.734049 43.321547);43.321547;45.734049;01.12.2016 0:00:00;myData.biz
182827;Чеченская республика;Грозный;Чеченская Республика, Грозный, улица Дьякова, 2;38000,0000;39000,0000;39000,0000;2;9;POINT(45.731991 43.326722);43.326722;45.731991;01.11.2016 0:00:00;myData.biz
180244;Чеченская республика;Грозный;Чеченская Республика, Грозный, улица Дьякова, 21;41000,0000;43000,0000;45000,0000;3;5;POINT(45.734093 43.321127);43.321127;45.734093;01.11.2016 0:00:00;myData.biz
151029;Чеченская Республика;Грозный;Чеченская Республика, Грозный, улица Дьякова, 23;30000,0000;33000,0000;38000,0000;5;5;POINT(45.734129 43.320701);43.320701;45.734129;01.12.2016 0:00:00;myData.biz
150921;Чеченская Республика;Грозный;Чеченская Республика, Грозный, улица Дьякова, 25;24000,0000;42000,0000;58000,0000;9;5;POINT(45.734165 43.320281);43.320281;45.734165;01.11.2016 0:00:00;myData.biz
150943;Чеченская Республика;Грозный;Чеченская Республика, Грозный, улица Дьякова, 27;30000,0000;36000,0000;43000,0000;14;5;POINT(45.735648 43.320176);43.320176;45.735648;01.11.2016 0:00:00;myData.biz
151014;Чеченская Республика;Грозный;Чеченская Республика, Грозный, улица Дьякова, 2А;45000,0000;45000,0000;45000,0000;1;9;POINT(45.731947 43.326479);43.326479;45.731947;01.10.2016 0:00:00;myData.biz
197089;Чеченская республика;Грозный;Чеченская Республика, Грозный, улица Дьякова, 3;6000,0000;33000,0000;40000,0000;7;5;POINT(45.733968 43.326577);43.326577;45.733968;01.01.2017 0:00:00;myData.biz
150989;Чеченская Республика;Грозный;Чеченская Республика, Грозный, улица Дьякова, 3Б;28000,0000;38000,0000;49000,0000;5;5;POINT(45.736285 43.326263);43.326263;45.736285;01.11.2016 0:00:00;myData.biz
197568;Чеченская республика;Грозный;Чеченская Республика, Грозный, улица Дьякова, 4;43000,0000;43000,0000;43000,0000;1;5;POINT(45.732135 43.3256);43.3256;45.732135;01.12.2016 0:00:00;myData.biz
151079;Чеченская Республика;Грозный;Чеченская Республика, Грозный, улица Дьякова, 5;31000,0000;36000,0000;47000,0000;9;5;POINT(45.732971 43.325836);43.325836;45.732971;01.12.2016 0:00:00;myData.biz
150978;Чеченская Республика;Грозный;Чеченская Республика, Грозный, улица Дьякова, 5А;31000,0000;36000,0000;42000,0000;10;5;POINT(45.734444 43.325705);43.325705;45.734444;01.12.2016 0:00:00;myData.biz
182292;Чеченская республика;Грозный;Чеченская Республика, Грозный, улица Дьякова, 5Б;31000,0000;34000,0000;37000,0000;3;5;POINT(45.73633 43.325895);43.325895;45.73633;01.12.2016 0:00:00;myData.biz
151052;Чеченская Республика;Грозный;Чеченская Республика, Грозный, улица Дьякова, 6;35000,0000;51000,0000;62000,0000;3;5;POINT(45.732243 43.324603);43.324603;45.732243;01.12.2016 0:00:00;myData.biz
151061;Чеченская Республика;Грозный;Чеченская Республика, Грозный, улица Дьякова, 7Б;33000,0000;40000,0000;50000,0000;4;5;POINT(45.734372 43.326079);43.326079;45.734372;01.12.2016 0:00:00;myData.biz
210342;Чеченская республика;Грозный;Чеченская Республика, Грозный, улица Дьякова, 8;36000,0000;47000,0000;54000,0000;5;9;POINT(45.731991 43.32362);43.32362;45.731991;01.01.2017 0:00:00;myData.biz
184301;Чеченская республика;Грозный;Чеченская Республика, Грозный, улица Дьякова, 9;26000,0000;26000,0000;26000,0000;1;5;POINT(45.733617 43.324616);43.324616;45.733617;01.11.2016 0:00:00;myData.biz
230082;Чеченская республика;Грозный;Чеченская Республика, Грозный, улица Заболотного, 193;24000,0000;24000,0000;24000,0000;1;5;POINT(45.67131 43.285352);43.285352;45.67131;01.02.2017 0:00:00;myData.biz
151036;Чеченская Республика;Грозный;Чеченская Республика, Грозный, улица Заветы Ильича, 116;30000,0000;30000,0000;31000,0000;3;5;POINT(45.603793 43.369144);43.369144;45.603793;01.11.2016 0:00:00;myData.biz
189732;Чеченская республика;Грозный;Чеченская Республика, Грозный, улица Заветы Ильича, 14;29000,0000;33000,0000;37000,0000;2;4;POINT(45.631479 43.354548);43.354548;45.631479;01.12.2016 0:00:00;myData.biz
151026;Чеченская Республика;Грозный;Чеченская Республика, Грозный, улица Заветы Ильича, 149;31000,0000;31000,0000;31000,0000;1;4;POINT(45.641531 43.35129);43.35129;45.641531;01.10.2016 0:00:00;myData.biz
171598;Чеченская республика;Грозный;Чеченская Республика, Грозный, улица Заветы Ильича, 151;23000,0000;25000,0000;28000,0000;2;4;POINT(45.642897 43.350615);43.350615;45.642897;01.01.2017 0:00:00;myData.biz
151070;Чеченская Республика;Грозный;Чеченская Республика, Грозный, улица Заветы Ильича, 153;32000,0000;34000,0000;36000,0000;3;5;POINT(45.643552 43.350562);43.350562;45.643552;01.11.2016 0:00:00;myData.biz
150967;Чеченская Республика;Грозный;Чеченская Республика, Грозный, улица Заветы Ильича, 154В;23000,0000;23000,0000;23000,0000;1;2;POINT(45.648646 43.347743);43.347743;45.648646;01.10.2016 0:00:00;myData.biz
150925;Чеченская Республика;Грозный;Чеченская Республика, Грозный, улица Заветы Ильича, 16;24000,0000;29000,0000;33000,0000;6;4;POINT(45.632225 43.354168);43.354168;45.632225;01.12.2016 0:00:00;myData.biz
196962;Чеченская республика;Грозный;Чеченская Республика, Грозный, улица Заветы Ильича, 18;24000,0000;27000,0000;30000,0000;2;4;POINT(45.631982 43.353892);43.353892;45.631982;01.12.2016 0:00:00;myData.biz
197367;Чеченская республика;Грозный;Чеченская Республика, Грозный, улица Заветы Ильича, 185А;36000,0000;36000,0000;36000,0000;1;4;POINT(45.657836 43.343888);43.343888;45.657836;01.12.2016 0:00:00;myData.biz
159211;Чеченская Республика;Грозный;Чеченская Республика, Грозный, улица Заветы Ильича, 187;27000,0000;27000,0000;27000,0000;1;4;POINT(45.658204 43.343161);43.343161;45.658204;01.10.2016 0:00:00;myData.biz
241200;Чеченская республика;Грозный;Чеченская Республика, Грозный, улица Заветы Ильича, 191;29000,0000;29000,0000;29000,0000;1;4;POINT(45.659677 43.342295);43.342295;45.659677;01.02.2017 0:00:00;myData.biz
150916;Чеченская Республика;Грозный;Чеченская Республика, Грозный, улица Заветы Ильича, 195;31000,0000;39000,0000;43000,0000;3;4;POINT(45.660324 43.341921);43.341921;45.660324;01.12.2016 0:00:00;myData.biz
170185;Чеченская республика;Грозный;Чеченская Республика, Грозный, улица Заветы Ильича, 20;33000,0000;33000,0000;33000,0000;2;4;POINT(45.632997 43.353807);43.353807;45.632997;01.12.2016 0:00:00;myData.biz
221634;Чеченская республика;Грозный;Чеченская Республика, Грозный, улица Заветы Ильича, 28;34000,0000;34000,0000;34000,0000;1;4;POINT(45.635737 43.352503);43.352503;45.635737;01.01.2017 0:00:00;myData.biz
206411;Чеченская республика;Грозный;Чеченская Республика, Грозный, улица Заветы Ильича, 32;29000,0000;32000,0000;35000,0000;2;4;POINT(45.636483 43.352149);43.352149;45.636483;01.01.2017 0:00:00;myData.biz
151048;Чеченская Республика;Грозный;Чеченская Республика, Грозный, улица Заветы Ильича, 38;33000,0000;33000,0000;35000,0000;3;3;POINT(45.637938 43.350818);43.350818;45.637938;01.12.2016 0:00:00;myData.biz
242422;Чеченская республика;Грозный;Чеченская Республика, Грозный, улица Заветы Ильича, 40;29000,0000;29000,0000;29000,0000;1;3;POINT(45.639384 43.350772);43.350772;45.639384;01.02.2017 0:00:00;myData.biz
161504;Чеченская республика;Грозный;Чеченская Республика, Грозный, улица Заветы Ильича, 52;35000,0000;35000,0000;35000,0000;2;4;POINT(45.645358 43.347684);43.347684;45.645358;01.11.2016 0:00:00;myData.biz
150949;Чеченская Республика;Грозный;Чеченская Республика, Грозный, улица Заветы Ильича, 54;36000,0000;36000,0000;36000,0000;1;4;POINT(45.646427 43.347173);43.347173;45.646427;01.10.2016 0:00:00;myData.biz
229905;Чеченская республика;Грозный;Чеченская Республика, Грозный, улица Заветы Ильича, 54А;34000,0000;34000,0000;34000,0000;1;5;POINT(45.645681 43.347199);43.347199;45.645681;01.01.2017 0:00:00;myData.biz
150980;Чеченская Республика;Грозный;Чеченская Республика, Грозный, улица Заветы Ильича, 88;32000,0000;41000,0000;57000,0000;5;5;POINT(45.662058 43.340132);43.340132;45.662058;01.11.2016 0:00:00;myData.biz
214350;Чеченская республика;Грозный;Чеченская Республика, Грозный, улица Ивана Белова, 12;47000,0000;51000,0000;56000,0000;2;5;POINT(45.708231 43.304636);43.304636;45.708231;01.01.2017 0:00:00;myData.biz
183293;Чеченская республика;Грозный;Чеченская Республика, Грозный, улица им. АХ-Б.А. Тимирсултанова, 2/1;87000,0000;87000,0000;87000,0000;1;4;POINT(45.697002 43.273387);43.273387;45.697002;01.11.2016 0:00:00;myData.biz
150931;Чеченская Республика;Грозный;Чеченская Республика, Грозный, улица Иоанисиани, 15;30000,0000;30000,0000;30000,0000;1;9;POINT(45.731848 43.322216);43.322216;45.731848;01.10.2016 0:00:00;myData.biz
233523;Чеченская республика;Грозный;Чеченская Республика, Грозный, улица Иоанисиани, 18;31000,0000;31000,0000;31000,0000;1;5;POINT(45.730141 43.321016);43.321016;45.730141;01.02.2017 0:00:00;myData.biz
168855;Чеченская республика;Грозный;Чеченская Республика, Грозный, улица Иоанисиани, 20;35000,0000;41000,0000;44000,0000;3;5;POINT(45.730186 43.320589);43.320589;45.730186;01.11.2016 0:00:00;myData.biz
151049;Чеченская Республика;Грозный;Чеченская Республика, Грозный, улица Иоанисиани, 22;28000,0000;35000,0000;40000,0000;6;5;POINT(45.730231 43.32015);43.32015;45.730231;01.11.2016 0:00:00;myData.biz
151001;Чеченская Республика;Грозный;Чеченская Республика, Грозный, улица Иоанисиани, 23;34000,0000;34000,0000;34000,0000;1;5;POINT(45.731902 43.320616);43.320616;45.731902;01.10.2016 0:00:00;myData.biz
157935;Чеченская Республика;Грозный;Чеченская Республика, Грозный, улица Иоанисиани, 24;32000,0000;35000,0000;39000,0000;4;5;POINT(45.73015 43.319724);43.319724;45.73015;01.12.2016 0:00:00;myData.biz
163618;Чеченская республика;Грозный;Чеченская Республика, Грозный, улица Иоанисиани, 3;34000,0000;39000,0000;42000,0000;7;5;POINT(45.731426 43.325521);43.325521;45.731426;01.12.2016 0:00:00;myData.biz
161188;Чеченская республика;Грозный;Чеченская Республика, Грозный, улица Иоанисиани, 5;37000,0000;39000,0000;40000,0000;2;9;POINT(45.731614 43.324826);43.324826;45.731614;01.12.2016 0:00:00;myData.biz
228986;Чеченская республика;Грозный;Чеченская Республика, Грозный, улица Иоанисиани, 7;48000,0000;48000,0000;48000,0000;1;9;POINT(45.731623 43.324525);43.324525;45.731623;01.01.2017 0:00:00;myData.biz
152608;Чеченская Республика;Грозный;Чеченская Республика, Грозный, улица Каменщиков, 10;22000,0000;22000,0000;22000,0000;1;4;POINT(45.660504 43.343915);43.343915;45.660504;01.10.2016 0:00:00;myData.biz
207411;Чеченская республика;Грозный;Чеченская Республика, Грозный, улица Каменщиков, 14;27000,0000;28000,0000;28000,0000;2;5;POINT(45.661537 43.344544);43.344544;45.661537;01.01.2017 0:00:00;myData.biz
172077;Чеченская республика;Грозный;Чеченская Республика, Грозный, улица Каменщиков, 16;26000,0000;31000,0000;37000,0000;4;5;POINT(45.66168 43.344977);43.344977;45.66168;01.01.2017 0:00:00;myData.biz
171600;Чеченская республика;Грозный;Чеченская Республика, Грозный, улица Левандовского, 1;50000,0000;51000,0000;51000,0000;2;5;POINT(45.707009 43.304899);43.304899;45.707009;01.11.2016 0:00:00;myData.biz
151042;Чеченская Республика;Грозный;Чеченская Республика, Грозный, улица Левандовского, 1А;42000,0000;46000,0000;49000,0000;2;5;POINT(45.707602 43.304728);43.304728;45.707602;01.12.2016 0:00:00;myData.biz
174522;Чеченская республика;Грозный;Чеченская Республика, Грозный, улица Леонова, 3;38000,0000;38000,0000;38000,0000;1;4;POINT(45.722963 43.298443);43.298443;45.722963;01.11.2016 0:00:00;myData.biz
242725;Чеченская республика;Грозный;Чеченская Республика, Грозный, улица Лечи Магомадова, 2;32000,0000;32000,0000;32000,0000;1;5;POINT(45.686052 43.309432);43.309432;45.686052;01.02.2017 0:00:00;myData.biz
163051;Чеченская республика;Грозный;Чеченская Республика, Грозный, улица Лисицына, 7А;51000,0000;51000,0000;51000,0000;1;5;POINT(45.718382 43.296035);43.296035;45.718382;01.10.2016 0:00:00;myData.biz
184298;Чеченская республика;Грозный;Чеченская Республика, Грозный, улица Льва Яшина, 15;40000,0000;40000,0000;40000,0000;1;9;POINT(45.741379 43.326289);43.326289;45.741379;01.11.2016 0:00:00;myData.biz
150987;Чеченская Республика;Грозный;Чеченская Республика, Грозный, улица Льва Яшина, 24;37000,0000;40000,0000;47000,0000;3;5;POINT(45.73792 43.322793);43.322793;45.73792;01.12.2016 0:00:00;myData.biz
168854;Чеченская республика;Грозный;Чеченская Республика, Грозный, улица Льва Яшина, 28;31000,0000;31000,0000;31000,0000;1;5;POINT(45.738944 43.32139);43.32139;45.738944;01.11.2016 0:00:00;myData.biz
231573;Чеченская республика;Грозный;Чеченская Республика, Грозный, улица Льва Яшина, 34;39000,0000;39000,0000;39000,0000;1;5;POINT(45.739034 43.320137);43.320137;45.739034;01.02.2017 0:00:00;myData.biz
150914;Чеченская Республика;Грозный;Чеченская Республика, Грозный, улица Льва Яшина, 4А;31000,0000;31000,0000;31000,0000;1;5;POINT(45.738711 43.327102);43.327102;45.738711;01.10.2016 0:00:00;myData.biz
168550;Чеченская республика;Грозный;Чеченская Республика, Грозный, улица Льва Яшина, 4Г;42000,0000;42000,0000;42000,0000;1;5;POINT(45.735154 43.327548);43.327548;45.735154;01.11.2016 0:00:00;myData.biz
151045;Чеченская Республика;Грозный;Чеченская Республика, Грозный, улица Льва Яшина, 6;30000,0000;30000,0000;30000,0000;1;5;POINT(45.73766 43.326558);43.326558;45.73766;01.09.2016 0:00:00;myData.biz
184764;Чеченская республика;Грозный;Чеченская Республика, Грозный, улица Малаева, 269;38000,0000;38000,0000;38000,0000;1;5;POINT(45.601646 43.370783);43.370783;45.601646;01.11.2016 0:00:00;myData.biz
182623;Чеченская республика;Грозный;Чеченская Республика, Грозный, улица Малаева, 281;24000,0000;24000,0000;24000,0000;2;5;POINT(45.590156 43.374747);43.374747;45.590156;01.12.2016 0:00:00;myData.biz
212576;Чеченская республика;Грозный;Чеченская Республика, Грозный, улица Малаева, 304;22000,0000;26000,0000;35000,0000;3;5;POINT(45.580275 43.376674);43.376674;45.580275;01.01.2017 0:00:00;myData.biz
210341;Чеченская республика;Грозный;Чеченская Республика, Грозный, улица Малаева, 306;24000,0000;27000,0000;31000,0000;5;4;POINT(45.580068 43.376209);43.376209;45.580068;01.01.2017 0:00:00;myData.biz
194497;Чеченская республика;Грозный;Чеченская Республика, Грозный, улица Малаева, 308;17000,0000;25000,0000;30000,0000;3;5;POINT(45.581524 43.376405);43.376405;45.581524;01.01.2017 0:00:00;myData.biz
208315;Чеченская республика;Грозный;Чеченская Республика, Грозный, улица Малаева, 310;26000,0000;26000,0000;26000,0000;1;5;POINT(45.581335 43.375933);43.375933;45.581335;01.12.2016 0:00:00;myData.biz
232430;Чеченская республика;Грозный;Чеченская Республика, Грозный, улица Малаева, 314;22000,0000;22000,0000;22000,0000;1;5;POINT(45.583464 43.376196);43.376196;45.583464;01.02.2017 0:00:00;myData.biz
217756;Чеченская республика;Грозный;Чеченская Республика, Грозный, улица Мамсурова, 13;30000,0000;30000,0000;30000,0000;1;4;POINT(45.661321 43.261374);43.261374;45.661321;01.01.2017 0:00:00;myData.biz
151035;Чеченская Республика;Грозный;Чеченская Республика, Грозный, улица Мамсурова, 21;36000,0000;39000,0000;41000,0000;3;5;POINT(45.659443 43.267046);43.267046;45.659443;01.11.2016 0:00:00;myData.biz
150908;Чеченская Республика;Грозный;Чеченская Республика, Грозный, улица Мамсурова, 21А;29000,0000;39000,0000;50000,0000;3;5;POINT(45.658608 43.266849);43.266849;45.658608;01.11.2016 0:00:00;myData.biz
150933;Чеченская Республика;Грозный;Чеченская Республика, Грозный, улица Мамсурова, 33;41000,0000;48000,0000;64000,0000;4;5;POINT(45.657602 43.270788);43.270788;45.657602;01.11.2016 0:00:00;myData.biz
194496;Чеченская республика;Грозный;Чеченская Республика, Грозный, улица Мамсурова, 5;41000,0000;41000,0000;41000,0000;1;4;POINT(45.66186 43.259595);43.259595;45.66186;01.11.2016 0:00:00;myData.biz
171299;Чеченская республика;Грозный;Чеченская Республика, Грозный, улица Мамсурова, 9;30000,0000;33000,0000;36000,0000;2;4;POINT(45.661483 43.260435);43.260435;45.661483;01.01.2017 0:00:00;myData.biz
224784;Чеченская республика;Грозный;Чеченская Республика, Грозный, улица Маяковского, 122;30000,0000;30000,0000;30000,0000;1;5;POINT(45.688809 43.334545);43.334545;45.688809;01.01.2017 0:00:00;myData.biz
223196;Чеченская республика;Грозный;Чеченская Республика, Грозный, улица Маяковского, 78;24000,0000;26000,0000;29000,0000;2;5;POINT(45.679269 43.323606);43.323606;45.679269;01.02.2017 0:00:00;myData.biz
211042;Чеченская республика;Грозный;Чеченская Республика, Грозный, улица Маяковского, 84;44000,0000;45000,0000;46000,0000;3;5;POINT(45.680796 43.325089);43.325089;45.680796;01.01.2017 0:00:00;myData.biz
239687;Чеченская республика;Грозный;Чеченская Республика, Грозный, улица Мира, 64;85000,0000;85000,0000;85000,0000;1;4;POINT(45.688468 43.320321);43.320321;45.688468;01.02.2017 0:00:00;myData.biz
170186;Чеченская республика;Грозный;Чеченская Республика, Грозный, улица Михаила и Веры Халаповых, 45;35000,0000;35000,0000;35000,0000;1;3;POINT(45.638549 43.349894);43.349894;45.638549;01.11.2016 0:00:00;myData.biz
151028;Чеченская Республика;Грозный;Чеченская Республика, Грозный, улица Михаила и Веры Халаповых, 47;24000,0000;24000,0000;24000,0000;1;3;POINT(45.638818 43.350149);43.350149;45.638818;01.10.2016 0:00:00;myData.biz
151056;Чеченская Республика;Грозный;Чеченская Республика, Грозный, улица Мичурина, 96;37000,0000;37000,0000;37000,0000;1;5;POINT(45.719685 43.328597);43.328597;45.719685;01.09.2016 0:00:00;myData.biz
226711;Чеченская республика;Грозный;Чеченская Республика, Грозный, улица Мовлида Висаитова, 64;13000,0000;24000,0000;35000,0000;3;5;POINT(45.684255 43.310823);43.310823;45.684255;01.02.2017 0:00:00;myData.biz
213990;Чеченская республика;Грозный;Чеченская Республика, Грозный, улица Муслима Гайрбекова, 78;50000,0000;50000,0000;50000,0000;1;5;POINT(45.688693 43.316923);43.316923;45.688693;01.12.2016 0:00:00;myData.biz
194334;Чеченская республика;Грозный;Чеченская Республика, Грозный, улица Муслима Гайрбекова, 80;52000,0000;52000,0000;52000,0000;1;5;POINT(45.689681 43.317854);43.317854;45.689681;01.11.2016 0:00:00;myData.biz
187262;Чеченская республика;Грозный;Чеченская Республика, Грозный, улица Новаторов, 1;38000,0000;38000,0000;38000,0000;1;5;POINT(45.666405 43.345285);43.345285;45.666405;01.11.2016 0:00:00;myData.biz
150973;Чеченская Республика;Грозный;Чеченская Республика, Грозный, улица Новаторов, 13;28000,0000;34000,0000;45000,0000;6;5;POINT(45.664375 43.345678);43.345678;45.664375;01.12.2016 0:00:00;myData.biz
212017;Чеченская республика;Грозный;Чеченская Республика, Грозный, улица Новаторов, 21;31000,0000;38000,0000;43000,0000;3;5;POINT(45.662435 43.347186);43.347186;45.662435;01.01.2017 0:00:00;myData.biz
151020;Чеченская Республика;Грозный;Чеченская Республика, Грозный, улица Новаторов, 23;29000,0000;35000,0000;44000,0000;4;5;POINT(45.662076 43.347842);43.347842;45.662076;01.11.2016 0:00:00;myData.biz
151062;Чеченская Республика;Грозный;Чеченская Республика, Грозный, улица Новаторов, 27;28000,0000;35000,0000;44000,0000;3;5;POINT(45.659551 43.347835);43.347835;45.659551;01.11.2016 0:00:00;myData.biz
150976;Чеченская Республика;Грозный;Чеченская Республика, Грозный, улица Новаторов, 3;26000,0000;30000,0000;38000,0000;3;5;POINT(45.666145 43.345809);43.345809;45.666145;01.10.2016 0:00:00;myData.biz
226710;Чеченская республика;Грозный;Чеченская Республика, Грозный, улица Новаторов, 31;42000,0000;42000,0000;42000,0000;1;5;POINT(45.659956 43.348576);43.348576;45.659956;01.01.2017 0:00:00;myData.biz
213107;Чеченская республика;Грозный;Чеченская Республика, Грозный, улица Новаторов, 33;44000,0000;44000,0000;44000,0000;1;5;POINT(45.658905 43.348871);43.348871;45.658905;01.12.2016 0:00:00;myData.biz
172079;Чеченская республика;Грозный;Чеченская Республика, Грозный, улица Новаторов, 9;29000,0000;30000,0000;31000,0000;3;5;POINT(45.664878 43.346432);43.346432;45.664878;01.12.2016 0:00:00;myData.biz
151023;Чеченская Республика;Грозный;Чеченская Республика, Грозный, улица Нурсултана Назарбаева, 100;22000,0000;22000,0000;22000,0000;1;5;POINT(45.686168 43.331463);43.331463;45.686168;01.10.2016 0:00:00;myData.biz
150983;Чеченская Республика;Грозный;Чеченская Республика, Грозный, улица Нурсултана Назарбаева, 84;44000,0000;51000,0000;58000,0000;2;5;POINT(45.680796 43.325089);43.325089;45.680796;01.10.2016 0:00:00;myData.biz
150938;Чеченская Республика;Грозный;Чеченская Республика, Грозный, улица Нурсултана Назарбаева, 86А;31000,0000;31000,0000;31000,0000;1;5;POINT(45.681758 43.324774);43.324774;45.681758;01.10.2016 0:00:00;myData.biz
233095;Чеченская республика;Грозный;Чеченская Республика, Грозный, улица Патриса Лумумбы, 29;58000,0000;58000,0000;58000,0000;1;5;POINT(45.694891 43.331922);43.331922;45.694891;01.02.2017 0:00:00;myData.biz
150945;Чеченская Республика;Грозный;Чеченская Республика, Грозный, улица Полярников, 52;48000,0000;67000,0000;101000,0000;3;9;POINT(45.695268 43.335863);43.335863;45.695268;01.10.2016 0:00:00;myData.biz
220428;Чеченская республика;Грозный;Чеченская Республика, Грозный, улица Пугачева, 138;35000,0000;35000,0000;35000,0000;1;4;POINT(45.6426 43.352109);43.352109;45.6426;01.01.2017 0:00:00;myData.biz
150997;Чеченская Республика;Грозный;Чеченская Республика, Грозный, улица Пугачева, 142;25000,0000;35000,0000;44000,0000;2;5;POINT(45.643669 43.351565);43.351565;45.643669;01.10.2016 0:00:00;myData.biz
150972;Чеченская Республика;Грозный;Чеченская Республика, Грозный, улица Пугачева, 144;34000,0000;38000,0000;44000,0000;3;5;POINT(45.644028 43.35108);43.35108;45.644028;01.10.2016 0:00:00;myData.biz
151051;Чеченская Республика;Грозный;Чеченская Республика, Грозный, улица Пугачева, 150;25000,0000;25000,0000;25000,0000;1;2;POINT(45.647972 43.349349);43.349349;45.647972;01.09.2016 0:00:00;myData.biz
195409;Чеченская республика;Грозный;Чеченская Республика, Грозный, улица Пугачева, 152;38000,0000;38000,0000;38000,0000;1;2;POINT(45.648601 43.349028);43.349028;45.648601;01.12.2016 0:00:00;myData.biz
188852;Чеченская республика;Грозный;Чеченская Республика, Грозный, улица Пугачева, 154Б;25000,0000;28000,0000;30000,0000;2;2;POINT(45.648825 43.348104);43.348104;45.648825;01.12.2016 0:00:00;myData.biz
205571;Чеченская республика;Грозный;Чеченская Республика, Грозный, улица Пугачева, 186А;36000,0000;36000,0000;36000,0000;2;4;POINT(45.656677 43.344524);43.344524;45.656677;01.01.2017 0:00:00;myData.biz
244052;Чеченская республика;Грозный;Чеченская Республика, Грозный, улица Пугачева, 188;30000,0000;30000,0000;30000,0000;1;4;POINT(45.658213 43.344203);43.344203;45.658213;01.03.2017 0:00:00;myData.biz
150913;Чеченская Республика;Грозный;Чеченская Республика, Грозный, улица Сайпуддина Лорсанова, 12;31000,0000;31000,0000;31000,0000;1;5;POINT(45.691729 43.320904);43.320904;45.691729;01.10.2016 0:00:00;myData.biz
151041;Чеченская Республика;Грозный;Чеченская Республика, Грозный, улица Сайпуддина Лорсанова, 6;92000,0000;92000,0000;92000,0000;1;9;POINT(45.687687 43.322603);43.322603;45.687687;01.10.2016 0:00:00;myData.biz
151050;Чеченская Республика;Грозный;Чеченская Республика, Грозный, улица Сайханова, 107;29000,0000;32000,0000;36000,0000;3;4;POINT(45.683878 43.291422);43.291422;45.683878;01.10.2016 0:00:00;myData.biz
151007;Чеченская Республика;Грозный;Чеченская Республика, Грозный, улица Сайханова, 130А;42000,0000;44000,0000;49000,0000;4;5;POINT(45.677751 43.290333);43.290333;45.677751;01.11.2016 0:00:00;myData.biz
233305;Чеченская республика;Грозный;Чеченская Республика, Грозный, улица Сайханова, 145;32000,0000;33000,0000;33000,0000;2;3;POINT(45.669352 43.285614);43.285614;45.669352;01.02.2017 0:00:00;myData.biz
197569;Чеченская республика;Грозный;Чеченская Республика, Грозный, улица Сайханова, 226;43000,0000;43000,0000;43000,0000;1;2;POINT(45.676862 43.289362);43.289362;45.676862;01.12.2016 0:00:00;myData.biz
150906;Чеченская Республика;Грозный;Чеченская Республика, Грозный, улица Сайханова, 22А;55000,0000;77000,0000;117000,0000;21;22;POINT(45.711707 43.300523);43.300523;45.711707;01.11.2016 0:00:00;myData.biz
224915;Чеченская республика;Грозный;Чеченская Республика, Грозный, улица Сайханова, 250;31000,0000;31000,0000;31000,0000;1;2;POINT(45.672586 43.287885);43.287885;45.672586;01.01.2017 0:00:00;myData.biz
170777;Чеченская республика;Грозный;Чеченская Республика, Грозный, улица Сайханова, 69;43000,0000;48000,0000;53000,0000;2;5;POINT(45.694864 43.294034);43.294034;45.694864;01.12.2016 0:00:00;myData.biz
240117;Чеченская республика;Грозный;Чеченская Республика, Грозный, улица Сайханова, 71;30000,0000;30000,0000;30000,0000;1;5;POINT(45.693633 43.293699);43.293699;45.693633;01.02.2017 0:00:00;myData.biz
150979;Чеченская Республика;Грозный;Чеченская Республика, Грозный, улица Сайханова, 91;62000,0000;62000,0000;62000,0000;1;5;POINT(45.688585 43.292551);43.292551;45.688585;01.10.2016 0:00:00;myData.biz
150922;Чеченская Республика;Грозный;Чеченская Республика, Грозный, улица Спартака, 49;29000,0000;37000,0000;45000,0000;3;5;POINT(45.694253 43.302583);43.302583;45.694253;01.11.2016 0:00:00;myData.biz
151027;Чеченская Республика;Грозный;Чеченская Республика, Грозный, улица Субботников, 60;42000,0000;42000,0000;42000,0000;1;13;POINT(45.69587 43.312049);43.312049;45.69587;01.10.2016 0:00:00;myData.biz
151030;Чеченская Республика;Грозный;Чеченская Республика, Грозный, улица Трудовиков, 1АК4;47000,0000;47000,0000;47000,0000;1;2;POINT(45.592196 43.37246);43.37246;45.592196;01.10.2016 0:00:00;myData.biz
151080;Чеченская Республика;Грозный;Чеченская Республика, Грозный, улица Трудовиков, 2А;26000,0000;28000,0000;30000,0000;3;5;POINT(45.594918 43.372768);43.372768;45.594918;01.11.2016 0:00:00;myData.biz
151034;Чеченская Республика;Грозный;Чеченская Республика, Грозный, улица Трудовиков, 2Б;22000,0000;22000,0000;22000,0000;1;5;POINT(45.594244 43.373601);43.373601;45.594244;01.10.2016 0:00:00;myData.biz
210848;Чеченская республика;Грозный;Чеченская Республика, Грозный, улица Умара Садаева, 1;38000,0000;46000,0000;52000,0000;3;5;POINT(45.723592 43.323397);43.323397;45.723592;01.01.2017 0:00:00;myData.biz
242421;Чеченская республика;Грозный;Чеченская Республика, Грозный, улица Умара Садаева, 11;52000,0000;52000,0000;52000,0000;1;5;POINT(45.726602 43.323895);43.323895;45.726602;01.02.2017 0:00:00;myData.biz
195860;Чеченская республика;Грозный;Чеченская Республика, Грозный, улица Умара Садаева, 12;39000,0000;49000,0000;59000,0000;2;9;POINT(45.728416 43.322859);43.322859;45.728416;01.01.2017 0:00:00;myData.biz
196652;Чеченская республика;Грозный;Чеченская Республика, Грозный, улица Умара Садаева, 18;31000,0000;35000,0000;39000,0000;3;5;POINT(45.729997 43.322852);43.322852;45.729997;01.01.2017 0:00:00;myData.biz
222989;Чеченская республика;Грозный;Чеченская Республика, Грозный, улица Умара Садаева, 22;24000,0000;33000,0000;42000,0000;2;5;POINT(45.734848 43.322682);43.322682;45.734848;01.01.2017 0:00:00;myData.biz
193871;Чеченская республика;Грозный;Чеченская Республика, Грозный, улица Умара Садаева, 23;29000,0000;44000,0000;52000,0000;5;9;POINT(45.734093 43.323751);43.323751;45.734093;01.01.2017 0:00:00;myData.biz
204051;Чеченская республика;Грозный;Чеченская Республика, Грозный, улица Умара Садаева, 28;34000,0000;34000,0000;34000,0000;1;9;POINT(45.737112 43.323141);43.323141;45.737112;01.12.2016 0:00:00;myData.biz
212415;Чеченская республика;Грозный;Чеченская Республика, Грозный, улица Умара Садаева, 29;27000,0000;33000,0000;39000,0000;2;5;POINT(45.736806 43.324367);43.324367;45.736806;01.12.2016 0:00:00;myData.biz
218161;Чеченская республика;Грозный;Чеченская Республика, Грозный, улица Умара Садаева, 3;45000,0000;52000,0000;59000,0000;2;5;POINT(45.724491 43.32316);43.32316;45.724491;01.01.2017 0:00:00;myData.biz
214348;Чеченская республика;Грозный;Чеченская Республика, Грозный, улица Умара Садаева, 33/18;26000,0000;43000,0000;60000,0000;2;5;POINT(45.737399 43.323928);43.323928;45.737399;01.02.2017 0:00:00;myData.biz
151025;Чеченская Республика;Грозный;Чеченская Республика, Грозный, улица Умара Садаева, 37;39000,0000;43000,0000;46000,0000;2;9;POINT(45.741442 43.32459);43.32459;45.741442;01.12.2016 0:00:00;myData.biz
239207;Чеченская республика;Грозный;Чеченская Республика, Грозный, улица Умара Садаева, 41;51000,0000;51000,0000;51000,0000;1;9;POINT(45.742933 43.325194);43.325194;45.742933;01.02.2017 0:00:00;myData.biz
242562;Чеченская республика;Грозный;Чеченская Республика, Грозный, улица Умара Садаева, 47;22000,0000;22000,0000;22000,0000;1;9;POINT(45.74358 43.326341);43.326341;45.74358;01.02.2017 0:00:00;myData.biz
208843;Чеченская республика;Грозный;Чеченская Республика, Грозный, улица Умара Садаева, 49;50000,0000;50000,0000;50000,0000;1;9;POINT(45.744388 43.326072);43.326072;45.744388;01.12.2016 0:00:00;myData.biz
151022;Чеченская Республика;Грозный;Чеченская Республика, Грозный, улица Умара Садаева, 5;33000,0000;35000,0000;38000,0000;3;5;POINT(45.725362 43.323469);43.323469;45.725362;01.12.2016 0:00:00;myData.biz
216432;Чеченская республика;Грозный;Чеченская Республика, Грозный, улица Умара Садаева, 6;36000,0000;36000,0000;36000,0000;1;5;POINT(45.725865 43.322059);43.322059;45.725865;01.01.2017 0:00:00;myData.biz
238163;Чеченская республика;Грозный;Чеченская Республика, Грозный, улица Умара Садаева, 7;57000,0000;57000,0000;57000,0000;1;5;POINT(45.726242 43.323279);43.323279;45.726242;01.02.2017 0:00:00;myData.biz
197808;Чеченская республика;Грозный;Чеченская Республика, Грозный, улица Умара Садаева, 9;32000,0000;32000,0000;32000,0000;1;5;POINT(45.72529 43.323908);43.323908;45.72529;01.12.2016 0:00:00;myData.biz
216431;Чеченская республика;Грозный;Чеченская Республика, Грозный, улица Урицкого, 4А;49000,0000;49000,0000;49000,0000;1;4;POINT(45.695915 43.286822);43.286822;45.695915;01.01.2017 0:00:00;myData.biz
206412;Чеченская республика;Грозный;Чеченская Республика, Грозный, улица Хамзата Орзамиева, 13;49000,0000;49000,0000;49000,0000;1;5;POINT(45.684084 43.320366);43.320366;45.684084;01.12.2016 0:00:00;myData.biz
150912;Чеченская Республика;Грозный;Чеченская Республика, Грозный, улица Хамзата Орзамиева, 2;42000,0000;44000,0000;47000,0000;2;5;POINT(45.678353 43.323029);43.323029;45.678353;01.12.2016 0:00:00;myData.biz
214850;Чеченская республика;Грозный;Чеченская Республика, Грозный, улица Хамзата Орзамиева, 27;56000,0000;56000,0000;56000,0000;1;5;POINT(45.688127 43.3183);43.3183;45.688127;01.01.2017 0:00:00;myData.biz
238521;Чеченская республика;Грозный;Чеченская Республика, Грозный, улица Шахтеров, 113;24000,0000;26000,0000;28000,0000;2;5;POINT(45.611725 43.36744);43.36744;45.611725;01.02.2017 0:00:00;myData.biz
174974;Чеченская республика;Грозный;Чеченская Республика, Грозный, улица Шахтеров, 115;31000,0000;35000,0000;37000,0000;3;5;POINT(45.60974 43.368253);43.368253;45.60974;01.12.2016 0:00:00;myData.biz
150937;Чеченская Республика;Грозный;Чеченская Республика, Грозный, Ханкальская улица, 7к1;39000,0000;39000,0000;39000,0000;1;5;POINT(45.736061 43.290516);43.290516;45.736061;01.10.2016 0:00:00;myData.biz
244435;Чеченская республика;Грозный;Чеченская Республика, Грозный, Ханкальская улица, 90к1;44000,0000;44000,0000;44000,0000;1;5;POINT(45.734947 43.292721);43.292721;45.734947;01.03.2017 0:00:00;myData.biz
150926;Чеченская Республика;Грозный;Чеченская Республика, Грозный, Ханкальская улица, 90к2;34000,0000;35000,0000;35000,0000;3;5;POINT(45.734156 43.2928);43.2928;45.734156;01.11.2016 0:00:00;myData.biz
150910;Чеченская Республика;Грозный;Чеченская Республика, Грозный, Ханкальская улица, 90к3;58000,0000;58000,0000;58000,0000;1;5;POINT(45.734534 43.293272);43.293272;45.734534;01.10.2016 0:00:00;myData.biz
150958;Чеченская Республика;Грозный;Чеченская Республика, Грозный, Ханкальская улица, 90к4;34000,0000;40000,0000;46000,0000;4;5;POINT(45.735899 43.292623);43.292623;45.735899;01.01.2017 0:00:00;myData.biz
151077;Чеченская Республика;Грозный;Чеченская Республика, Грозный, Чеченская улица, 98;47000,0000;60000,0000;73000,0000;2;4;POINT(45.680832 43.322662);43.322662;45.680832;01.10.2016 0:00:00;myData.biz
221432;Чеченская республика;Грозный;Чеченская Республика, Грозный, Яблочная улица, 4;25000,0000;25000,0000;25000,0000;1;5;POINT(45.588189 43.374983);43.374983;45.588189;01.01.2017 0:00:00;myData.biz
166976;Чеченская республика;Грозный;Чеченская Республика, Грозный, Ялтинская улица, 12;38000,0000;38000,0000;38000,0000;1;4;POINT(45.635692 43.351251);43.351251;45.635692;01.11.2016 0:00:00;myData.biz
151005;Чеченская Республика;Грозный;Чеченская Республика, Грозный, Ялтинская улица, 14;22000,0000;23000,0000;23000,0000;2;4;POINT(45.634946 43.351624);43.351624;45.634946;01.10.2016 0:00:00;myData.biz
196336;Чеченская республика;Грозный;Чеченская Республика, Грозный, Ялтинская улица, 16;60000,0000;60000,0000;60000,0000;1;4;POINT(45.634255 43.351945);43.351945;45.634255;01.12.2016 0:00:00;myData.biz
163050;Чеченская республика;Грозный;Чеченская Республика, Грозный, Ялтинская улица, 2;27000,0000;27000,0000;27000,0000;1;4;POINT(45.639842 43.349271);43.349271;45.639842;01.10.2016 0:00:00;myData.biz
240583;Чеченская республика;Грозный;Чеченская Республика, Гудермес, улица Исаева, 11;25000,0000;25000,0000;25000,0000;1;3;POINT(46.09412 43.350425);43.350425;46.09412;01.02.2017 0:00:00;myData.biz
150969;Чеченская Республика;Грозный;Чеченская Республика, Сунженский район, село Серноводское, улица Гикало, 2;28000,0000;28000,0000;28000,0000;1;2;POINT(45.161301 43.304098);43.304098;45.161301;01.10.2016 0:00:00;myData.biz
150985;Чеченская Республика;Грозный;Чеченская Республика, Шалинский район, поселок городского типа Чири-Юрт, 13;24000,0000;24000,0000;24000,0000;1;5;POINT(45.748152 43.092531);43.092531;45.748152;01.10.2016 0:00:00;myData.biz
151024;Чеченская Республика;Грозный;Чеченская Республика, Шалинский район, поселок городского типа Чири-Юрт, 6;33000,0000;33000,0000;33000,0000;1;5;POINT(45.749239 43.090009);43.090009;45.749239;01.10.2016 0:00:00;myData.biz
